*** IR Dump After Annotation2MetadataPass on [module] ***
; ModuleID = 'sumeven.c'
source_filename = "sumeven.c"
target datalayout = "e-m:e-p270:32:32-p271:32:32-p272:64:64-i64:64-f80:128-n8:16:32:64-S128"
target triple = "x86_64-pc-linux-gnu"

; Function Attrs: nounwind uwtable
define dso_local i32 @sumeven(i32 noundef %0) #0 {
  %2 = alloca i32, align 4
  %3 = alloca i32, align 4
  %4 = alloca i32, align 4
  store i32 %0, i32* %2, align 4, !tbaa !5
  %5 = bitcast i32* %3 to i8*
  call void @llvm.lifetime.start.p0i8(i64 4, i8* %5) #2
  store i32 0, i32* %3, align 4, !tbaa !5
  %6 = bitcast i32* %4 to i8*
  call void @llvm.lifetime.start.p0i8(i64 4, i8* %6) #2
  store i32 1, i32* %4, align 4, !tbaa !5
  br label %7

7:                                                ; preds = %22, %1
  %8 = load i32, i32* %4, align 4, !tbaa !5
  %9 = load i32, i32* %2, align 4, !tbaa !5
  %10 = icmp sle i32 %8, %9
  br i1 %10, label %13, label %11

11:                                               ; preds = %7
  %12 = bitcast i32* %4 to i8*
  call void @llvm.lifetime.end.p0i8(i64 4, i8* %12) #2
  br label %25

13:                                               ; preds = %7
  %14 = load i32, i32* %4, align 4, !tbaa !5
  %15 = srem i32 %14, 2
  %16 = icmp eq i32 %15, 0
  br i1 %16, label %17, label %21

17:                                               ; preds = %13
  %18 = load i32, i32* %4, align 4, !tbaa !5
  %19 = load i32, i32* %3, align 4, !tbaa !5
  %20 = add nsw i32 %19, %18
  store i32 %20, i32* %3, align 4, !tbaa !5
  br label %21

21:                                               ; preds = %17, %13
  br label %22

22:                                               ; preds = %21
  %23 = load i32, i32* %4, align 4, !tbaa !5
  %24 = add nsw i32 %23, 1
  store i32 %24, i32* %4, align 4, !tbaa !5
  br label %7, !llvm.loop !9

25:                                               ; preds = %11
  %26 = load i32, i32* %3, align 4, !tbaa !5
  %27 = bitcast i32* %3 to i8*
  call void @llvm.lifetime.end.p0i8(i64 4, i8* %27) #2
  ret i32 %26
}

; Function Attrs: argmemonly nofree nosync nounwind willreturn
declare void @llvm.lifetime.start.p0i8(i64 immarg, i8* nocapture) #1

; Function Attrs: argmemonly nofree nosync nounwind willreturn
declare void @llvm.lifetime.end.p0i8(i64 immarg, i8* nocapture) #1

; Function Attrs: nounwind uwtable
define dso_local i32 @main() #0 {
  ret i32 0
}

attributes #0 = { nounwind uwtable "frame-pointer"="none" "min-legal-vector-width"="0" "no-trapping-math"="true" "stack-protector-buffer-size"="8" "target-cpu"="x86-64" "target-features"="+cx8,+fxsr,+mmx,+sse,+sse2,+x87" "tune-cpu"="generic" }
attributes #1 = { argmemonly nofree nosync nounwind willreturn }
attributes #2 = { nounwind }

!llvm.module.flags = !{!0, !1, !2, !3}
!llvm.ident = !{!4}

!0 = !{i32 1, !"wchar_size", i32 4}
!1 = !{i32 7, !"PIC Level", i32 2}
!2 = !{i32 7, !"PIE Level", i32 2}
!3 = !{i32 7, !"uwtable", i32 1}
!4 = !{!"Ubuntu clang version 14.0.0-1ubuntu1.1"}
!5 = !{!6, !6, i64 0}
!6 = !{!"int", !7, i64 0}
!7 = !{!"omnipotent char", !8, i64 0}
!8 = !{!"Simple C/C++ TBAA"}
!9 = distinct !{!9, !10}
!10 = !{!"llvm.loop.mustprogress"}
*** IR Dump After ForceFunctionAttrsPass on [module] ***
; ModuleID = 'sumeven.c'
source_filename = "sumeven.c"
target datalayout = "e-m:e-p270:32:32-p271:32:32-p272:64:64-i64:64-f80:128-n8:16:32:64-S128"
target triple = "x86_64-pc-linux-gnu"

; Function Attrs: nounwind uwtable
define dso_local i32 @sumeven(i32 noundef %0) #0 {
  %2 = alloca i32, align 4
  %3 = alloca i32, align 4
  %4 = alloca i32, align 4
  store i32 %0, i32* %2, align 4, !tbaa !5
  %5 = bitcast i32* %3 to i8*
  call void @llvm.lifetime.start.p0i8(i64 4, i8* %5) #2
  store i32 0, i32* %3, align 4, !tbaa !5
  %6 = bitcast i32* %4 to i8*
  call void @llvm.lifetime.start.p0i8(i64 4, i8* %6) #2
  store i32 1, i32* %4, align 4, !tbaa !5
  br label %7

7:                                                ; preds = %22, %1
  %8 = load i32, i32* %4, align 4, !tbaa !5
  %9 = load i32, i32* %2, align 4, !tbaa !5
  %10 = icmp sle i32 %8, %9
  br i1 %10, label %13, label %11

11:                                               ; preds = %7
  %12 = bitcast i32* %4 to i8*
  call void @llvm.lifetime.end.p0i8(i64 4, i8* %12) #2
  br label %25

13:                                               ; preds = %7
  %14 = load i32, i32* %4, align 4, !tbaa !5
  %15 = srem i32 %14, 2
  %16 = icmp eq i32 %15, 0
  br i1 %16, label %17, label %21

17:                                               ; preds = %13
  %18 = load i32, i32* %4, align 4, !tbaa !5
  %19 = load i32, i32* %3, align 4, !tbaa !5
  %20 = add nsw i32 %19, %18
  store i32 %20, i32* %3, align 4, !tbaa !5
  br label %21

21:                                               ; preds = %17, %13
  br label %22

22:                                               ; preds = %21
  %23 = load i32, i32* %4, align 4, !tbaa !5
  %24 = add nsw i32 %23, 1
  store i32 %24, i32* %4, align 4, !tbaa !5
  br label %7, !llvm.loop !9

25:                                               ; preds = %11
  %26 = load i32, i32* %3, align 4, !tbaa !5
  %27 = bitcast i32* %3 to i8*
  call void @llvm.lifetime.end.p0i8(i64 4, i8* %27) #2
  ret i32 %26
}

; Function Attrs: argmemonly nofree nosync nounwind willreturn
declare void @llvm.lifetime.start.p0i8(i64 immarg, i8* nocapture) #1

; Function Attrs: argmemonly nofree nosync nounwind willreturn
declare void @llvm.lifetime.end.p0i8(i64 immarg, i8* nocapture) #1

; Function Attrs: nounwind uwtable
define dso_local i32 @main() #0 {
  ret i32 0
}

attributes #0 = { nounwind uwtable "frame-pointer"="none" "min-legal-vector-width"="0" "no-trapping-math"="true" "stack-protector-buffer-size"="8" "target-cpu"="x86-64" "target-features"="+cx8,+fxsr,+mmx,+sse,+sse2,+x87" "tune-cpu"="generic" }
attributes #1 = { argmemonly nofree nosync nounwind willreturn }
attributes #2 = { nounwind }

!llvm.module.flags = !{!0, !1, !2, !3}
!llvm.ident = !{!4}

!0 = !{i32 1, !"wchar_size", i32 4}
!1 = !{i32 7, !"PIC Level", i32 2}
!2 = !{i32 7, !"PIE Level", i32 2}
!3 = !{i32 7, !"uwtable", i32 1}
!4 = !{!"Ubuntu clang version 14.0.0-1ubuntu1.1"}
!5 = !{!6, !6, i64 0}
!6 = !{!"int", !7, i64 0}
!7 = !{!"omnipotent char", !8, i64 0}
!8 = !{!"Simple C/C++ TBAA"}
!9 = distinct !{!9, !10}
!10 = !{!"llvm.loop.mustprogress"}
*** IR Dump After InferFunctionAttrsPass on [module] ***
; ModuleID = 'sumeven.c'
source_filename = "sumeven.c"
target datalayout = "e-m:e-p270:32:32-p271:32:32-p272:64:64-i64:64-f80:128-n8:16:32:64-S128"
target triple = "x86_64-pc-linux-gnu"

; Function Attrs: nounwind uwtable
define dso_local i32 @sumeven(i32 noundef %0) #0 {
  %2 = alloca i32, align 4
  %3 = alloca i32, align 4
  %4 = alloca i32, align 4
  store i32 %0, i32* %2, align 4, !tbaa !5
  %5 = bitcast i32* %3 to i8*
  call void @llvm.lifetime.start.p0i8(i64 4, i8* %5) #2
  store i32 0, i32* %3, align 4, !tbaa !5
  %6 = bitcast i32* %4 to i8*
  call void @llvm.lifetime.start.p0i8(i64 4, i8* %6) #2
  store i32 1, i32* %4, align 4, !tbaa !5
  br label %7

7:                                                ; preds = %22, %1
  %8 = load i32, i32* %4, align 4, !tbaa !5
  %9 = load i32, i32* %2, align 4, !tbaa !5
  %10 = icmp sle i32 %8, %9
  br i1 %10, label %13, label %11

11:                                               ; preds = %7
  %12 = bitcast i32* %4 to i8*
  call void @llvm.lifetime.end.p0i8(i64 4, i8* %12) #2
  br label %25

13:                                               ; preds = %7
  %14 = load i32, i32* %4, align 4, !tbaa !5
  %15 = srem i32 %14, 2
  %16 = icmp eq i32 %15, 0
  br i1 %16, label %17, label %21

17:                                               ; preds = %13
  %18 = load i32, i32* %4, align 4, !tbaa !5
  %19 = load i32, i32* %3, align 4, !tbaa !5
  %20 = add nsw i32 %19, %18
  store i32 %20, i32* %3, align 4, !tbaa !5
  br label %21

21:                                               ; preds = %17, %13
  br label %22

22:                                               ; preds = %21
  %23 = load i32, i32* %4, align 4, !tbaa !5
  %24 = add nsw i32 %23, 1
  store i32 %24, i32* %4, align 4, !tbaa !5
  br label %7, !llvm.loop !9

25:                                               ; preds = %11
  %26 = load i32, i32* %3, align 4, !tbaa !5
  %27 = bitcast i32* %3 to i8*
  call void @llvm.lifetime.end.p0i8(i64 4, i8* %27) #2
  ret i32 %26
}

; Function Attrs: argmemonly mustprogress nofree nosync nounwind willreturn
declare void @llvm.lifetime.start.p0i8(i64 immarg, i8* nocapture) #1

; Function Attrs: argmemonly mustprogress nofree nosync nounwind willreturn
declare void @llvm.lifetime.end.p0i8(i64 immarg, i8* nocapture) #1

; Function Attrs: nounwind uwtable
define dso_local i32 @main() #0 {
  ret i32 0
}

attributes #0 = { nounwind uwtable "frame-pointer"="none" "min-legal-vector-width"="0" "no-trapping-math"="true" "stack-protector-buffer-size"="8" "target-cpu"="x86-64" "target-features"="+cx8,+fxsr,+mmx,+sse,+sse2,+x87" "tune-cpu"="generic" }
attributes #1 = { argmemonly mustprogress nofree nosync nounwind willreturn }
attributes #2 = { nounwind }

!llvm.module.flags = !{!0, !1, !2, !3}
!llvm.ident = !{!4}

!0 = !{i32 1, !"wchar_size", i32 4}
!1 = !{i32 7, !"PIC Level", i32 2}
!2 = !{i32 7, !"PIE Level", i32 2}
!3 = !{i32 7, !"uwtable", i32 1}
!4 = !{!"Ubuntu clang version 14.0.0-1ubuntu1.1"}
!5 = !{!6, !6, i64 0}
!6 = !{!"int", !7, i64 0}
!7 = !{!"omnipotent char", !8, i64 0}
!8 = !{!"Simple C/C++ TBAA"}
!9 = distinct !{!9, !10}
!10 = !{!"llvm.loop.mustprogress"}
*** IR Dump After LowerExpectIntrinsicPass on sumeven ***
; Function Attrs: nounwind uwtable
define dso_local i32 @sumeven(i32 noundef %0) #0 {
  %2 = alloca i32, align 4
  %3 = alloca i32, align 4
  %4 = alloca i32, align 4
  store i32 %0, i32* %2, align 4, !tbaa !5
  %5 = bitcast i32* %3 to i8*
  call void @llvm.lifetime.start.p0i8(i64 4, i8* %5) #2
  store i32 0, i32* %3, align 4, !tbaa !5
  %6 = bitcast i32* %4 to i8*
  call void @llvm.lifetime.start.p0i8(i64 4, i8* %6) #2
  store i32 1, i32* %4, align 4, !tbaa !5
  br label %7

7:                                                ; preds = %22, %1
  %8 = load i32, i32* %4, align 4, !tbaa !5
  %9 = load i32, i32* %2, align 4, !tbaa !5
  %10 = icmp sle i32 %8, %9
  br i1 %10, label %13, label %11

11:                                               ; preds = %7
  %12 = bitcast i32* %4 to i8*
  call void @llvm.lifetime.end.p0i8(i64 4, i8* %12) #2
  br label %25

13:                                               ; preds = %7
  %14 = load i32, i32* %4, align 4, !tbaa !5
  %15 = srem i32 %14, 2
  %16 = icmp eq i32 %15, 0
  br i1 %16, label %17, label %21

17:                                               ; preds = %13
  %18 = load i32, i32* %4, align 4, !tbaa !5
  %19 = load i32, i32* %3, align 4, !tbaa !5
  %20 = add nsw i32 %19, %18
  store i32 %20, i32* %3, align 4, !tbaa !5
  br label %21

21:                                               ; preds = %17, %13
  br label %22

22:                                               ; preds = %21
  %23 = load i32, i32* %4, align 4, !tbaa !5
  %24 = add nsw i32 %23, 1
  store i32 %24, i32* %4, align 4, !tbaa !5
  br label %7, !llvm.loop !9

25:                                               ; preds = %11
  %26 = load i32, i32* %3, align 4, !tbaa !5
  %27 = bitcast i32* %3 to i8*
  call void @llvm.lifetime.end.p0i8(i64 4, i8* %27) #2
  ret i32 %26
}
*** IR Dump After SimplifyCFGPass on sumeven ***
; Function Attrs: nounwind uwtable
define dso_local i32 @sumeven(i32 noundef %0) #0 {
  %2 = alloca i32, align 4
  %3 = alloca i32, align 4
  %4 = alloca i32, align 4
  store i32 %0, i32* %2, align 4, !tbaa !5
  %5 = bitcast i32* %3 to i8*
  call void @llvm.lifetime.start.p0i8(i64 4, i8* %5) #2
  store i32 0, i32* %3, align 4, !tbaa !5
  %6 = bitcast i32* %4 to i8*
  call void @llvm.lifetime.start.p0i8(i64 4, i8* %6) #2
  store i32 1, i32* %4, align 4, !tbaa !5
  br label %7

7:                                                ; preds = %23, %1
  %8 = load i32, i32* %4, align 4, !tbaa !5
  %9 = load i32, i32* %2, align 4, !tbaa !5
  %10 = icmp sle i32 %8, %9
  br i1 %10, label %15, label %11

11:                                               ; preds = %7
  %12 = bitcast i32* %4 to i8*
  call void @llvm.lifetime.end.p0i8(i64 4, i8* %12) #2
  %13 = load i32, i32* %3, align 4, !tbaa !5
  %14 = bitcast i32* %3 to i8*
  call void @llvm.lifetime.end.p0i8(i64 4, i8* %14) #2
  ret i32 %13

15:                                               ; preds = %7
  %16 = load i32, i32* %4, align 4, !tbaa !5
  %17 = srem i32 %16, 2
  %18 = icmp eq i32 %17, 0
  br i1 %18, label %19, label %23

19:                                               ; preds = %15
  %20 = load i32, i32* %4, align 4, !tbaa !5
  %21 = load i32, i32* %3, align 4, !tbaa !5
  %22 = add nsw i32 %21, %20
  store i32 %22, i32* %3, align 4, !tbaa !5
  br label %23

23:                                               ; preds = %15, %19
  %24 = load i32, i32* %4, align 4, !tbaa !5
  %25 = add nsw i32 %24, 1
  store i32 %25, i32* %4, align 4, !tbaa !5
  br label %7, !llvm.loop !9
}
*** IR Dump After SROAPass on sumeven ***
; Function Attrs: nounwind uwtable
define dso_local i32 @sumeven(i32 noundef %0) #0 {
  br label %2

2:                                                ; preds = %12, %1
  %3 = phi i32 [ 0, %1 ], [ %13, %12 ]
  %4 = phi i32 [ 1, %1 ], [ %14, %12 ]
  %5 = icmp sle i32 %4, %0
  br i1 %5, label %7, label %6

6:                                                ; preds = %2
  ret i32 %3

7:                                                ; preds = %2
  %8 = srem i32 %4, 2
  %9 = icmp eq i32 %8, 0
  br i1 %9, label %10, label %12

10:                                               ; preds = %7
  %11 = add nsw i32 %3, %4
  br label %12

12:                                               ; preds = %7, %10
  %13 = phi i32 [ %11, %10 ], [ %3, %7 ]
  %14 = add nsw i32 %4, 1
  br label %2, !llvm.loop !5
}
*** IR Dump After EarlyCSEPass on sumeven ***
; Function Attrs: nounwind uwtable
define dso_local i32 @sumeven(i32 noundef %0) #0 {
  br label %2

2:                                                ; preds = %12, %1
  %3 = phi i32 [ 0, %1 ], [ %13, %12 ]
  %4 = phi i32 [ 1, %1 ], [ %14, %12 ]
  %5 = icmp sle i32 %4, %0
  br i1 %5, label %7, label %6

6:                                                ; preds = %2
  ret i32 %3

7:                                                ; preds = %2
  %8 = srem i32 %4, 2
  %9 = icmp eq i32 %8, 0
  br i1 %9, label %10, label %12

10:                                               ; preds = %7
  %11 = add nsw i32 %3, %4
  br label %12

12:                                               ; preds = %7, %10
  %13 = phi i32 [ %11, %10 ], [ %3, %7 ]
  %14 = add nsw i32 %4, 1
  br label %2, !llvm.loop !5
}
*** IR Dump After CoroEarlyPass on sumeven ***
; Function Attrs: nounwind uwtable
define dso_local i32 @sumeven(i32 noundef %0) #0 {
  br label %2

2:                                                ; preds = %12, %1
  %3 = phi i32 [ 0, %1 ], [ %13, %12 ]
  %4 = phi i32 [ 1, %1 ], [ %14, %12 ]
  %5 = icmp sle i32 %4, %0
  br i1 %5, label %7, label %6

6:                                                ; preds = %2
  ret i32 %3

7:                                                ; preds = %2
  %8 = srem i32 %4, 2
  %9 = icmp eq i32 %8, 0
  br i1 %9, label %10, label %12

10:                                               ; preds = %7
  %11 = add nsw i32 %3, %4
  br label %12

12:                                               ; preds = %7, %10
  %13 = phi i32 [ %11, %10 ], [ %3, %7 ]
  %14 = add nsw i32 %4, 1
  br label %2, !llvm.loop !5
}
*** IR Dump After LowerExpectIntrinsicPass on main ***
; Function Attrs: nounwind uwtable
define dso_local i32 @main() #0 {
  ret i32 0
}
*** IR Dump After SimplifyCFGPass on main ***
; Function Attrs: nounwind uwtable
define dso_local i32 @main() #0 {
  ret i32 0
}
*** IR Dump After SROAPass on main ***
; Function Attrs: nounwind uwtable
define dso_local i32 @main() #0 {
  ret i32 0
}
*** IR Dump After EarlyCSEPass on main ***
; Function Attrs: nounwind uwtable
define dso_local i32 @main() #0 {
  ret i32 0
}
*** IR Dump After CoroEarlyPass on main ***
; Function Attrs: nounwind uwtable
define dso_local i32 @main() #0 {
  ret i32 0
}
*** IR Dump After OpenMPOptPass on [module] ***
; ModuleID = 'sumeven.c'
source_filename = "sumeven.c"
target datalayout = "e-m:e-p270:32:32-p271:32:32-p272:64:64-i64:64-f80:128-n8:16:32:64-S128"
target triple = "x86_64-pc-linux-gnu"

; Function Attrs: nounwind uwtable
define dso_local i32 @sumeven(i32 noundef %0) #0 {
  br label %2

2:                                                ; preds = %12, %1
  %3 = phi i32 [ 0, %1 ], [ %13, %12 ]
  %4 = phi i32 [ 1, %1 ], [ %14, %12 ]
  %5 = icmp sle i32 %4, %0
  br i1 %5, label %7, label %6

6:                                                ; preds = %2
  ret i32 %3

7:                                                ; preds = %2
  %8 = srem i32 %4, 2
  %9 = icmp eq i32 %8, 0
  br i1 %9, label %10, label %12

10:                                               ; preds = %7
  %11 = add nsw i32 %3, %4
  br label %12

12:                                               ; preds = %7, %10
  %13 = phi i32 [ %11, %10 ], [ %3, %7 ]
  %14 = add nsw i32 %4, 1
  br label %2, !llvm.loop !5
}

; Function Attrs: argmemonly mustprogress nofree nosync nounwind willreturn
declare void @llvm.lifetime.start.p0i8(i64 immarg, i8* nocapture) #1

; Function Attrs: argmemonly mustprogress nofree nosync nounwind willreturn
declare void @llvm.lifetime.end.p0i8(i64 immarg, i8* nocapture) #1

; Function Attrs: nounwind uwtable
define dso_local i32 @main() #0 {
  ret i32 0
}

attributes #0 = { nounwind uwtable "frame-pointer"="none" "min-legal-vector-width"="0" "no-trapping-math"="true" "stack-protector-buffer-size"="8" "target-cpu"="x86-64" "target-features"="+cx8,+fxsr,+mmx,+sse,+sse2,+x87" "tune-cpu"="generic" }
attributes #1 = { argmemonly mustprogress nofree nosync nounwind willreturn }

!llvm.module.flags = !{!0, !1, !2, !3}
!llvm.ident = !{!4}

!0 = !{i32 1, !"wchar_size", i32 4}
!1 = !{i32 7, !"PIC Level", i32 2}
!2 = !{i32 7, !"PIE Level", i32 2}
!3 = !{i32 7, !"uwtable", i32 1}
!4 = !{!"Ubuntu clang version 14.0.0-1ubuntu1.1"}
!5 = distinct !{!5, !6}
!6 = !{!"llvm.loop.mustprogress"}
*** IR Dump After IPSCCPPass on [module] ***
; ModuleID = 'sumeven.c'
source_filename = "sumeven.c"
target datalayout = "e-m:e-p270:32:32-p271:32:32-p272:64:64-i64:64-f80:128-n8:16:32:64-S128"
target triple = "x86_64-pc-linux-gnu"

; Function Attrs: nounwind uwtable
define dso_local i32 @sumeven(i32 noundef %0) #0 {
  br label %2

2:                                                ; preds = %12, %1
  %3 = phi i32 [ 0, %1 ], [ %13, %12 ]
  %4 = phi i32 [ 1, %1 ], [ %14, %12 ]
  %5 = icmp sle i32 %4, %0
  br i1 %5, label %7, label %6

6:                                                ; preds = %2
  ret i32 %3

7:                                                ; preds = %2
  %8 = srem i32 %4, 2
  %9 = icmp eq i32 %8, 0
  br i1 %9, label %10, label %12

10:                                               ; preds = %7
  %11 = add nsw i32 %3, %4
  br label %12

12:                                               ; preds = %7, %10
  %13 = phi i32 [ %11, %10 ], [ %3, %7 ]
  %14 = add nsw i32 %4, 1
  br label %2, !llvm.loop !5
}

; Function Attrs: argmemonly mustprogress nofree nosync nounwind willreturn
declare void @llvm.lifetime.start.p0i8(i64 immarg, i8* nocapture) #1

; Function Attrs: argmemonly mustprogress nofree nosync nounwind willreturn
declare void @llvm.lifetime.end.p0i8(i64 immarg, i8* nocapture) #1

; Function Attrs: nounwind uwtable
define dso_local i32 @main() #0 {
  ret i32 0
}

attributes #0 = { nounwind uwtable "frame-pointer"="none" "min-legal-vector-width"="0" "no-trapping-math"="true" "stack-protector-buffer-size"="8" "target-cpu"="x86-64" "target-features"="+cx8,+fxsr,+mmx,+sse,+sse2,+x87" "tune-cpu"="generic" }
attributes #1 = { argmemonly mustprogress nofree nosync nounwind willreturn }

!llvm.module.flags = !{!0, !1, !2, !3}
!llvm.ident = !{!4}

!0 = !{i32 1, !"wchar_size", i32 4}
!1 = !{i32 7, !"PIC Level", i32 2}
!2 = !{i32 7, !"PIE Level", i32 2}
!3 = !{i32 7, !"uwtable", i32 1}
!4 = !{!"Ubuntu clang version 14.0.0-1ubuntu1.1"}
!5 = distinct !{!5, !6}
!6 = !{!"llvm.loop.mustprogress"}
*** IR Dump After CalledValuePropagationPass on [module] ***
; ModuleID = 'sumeven.c'
source_filename = "sumeven.c"
target datalayout = "e-m:e-p270:32:32-p271:32:32-p272:64:64-i64:64-f80:128-n8:16:32:64-S128"
target triple = "x86_64-pc-linux-gnu"

; Function Attrs: nounwind uwtable
define dso_local i32 @sumeven(i32 noundef %0) #0 {
  br label %2

2:                                                ; preds = %12, %1
  %3 = phi i32 [ 0, %1 ], [ %13, %12 ]
  %4 = phi i32 [ 1, %1 ], [ %14, %12 ]
  %5 = icmp sle i32 %4, %0
  br i1 %5, label %7, label %6

6:                                                ; preds = %2
  ret i32 %3

7:                                                ; preds = %2
  %8 = srem i32 %4, 2
  %9 = icmp eq i32 %8, 0
  br i1 %9, label %10, label %12

10:                                               ; preds = %7
  %11 = add nsw i32 %3, %4
  br label %12

12:                                               ; preds = %7, %10
  %13 = phi i32 [ %11, %10 ], [ %3, %7 ]
  %14 = add nsw i32 %4, 1
  br label %2, !llvm.loop !5
}

; Function Attrs: argmemonly mustprogress nofree nosync nounwind willreturn
declare void @llvm.lifetime.start.p0i8(i64 immarg, i8* nocapture) #1

; Function Attrs: argmemonly mustprogress nofree nosync nounwind willreturn
declare void @llvm.lifetime.end.p0i8(i64 immarg, i8* nocapture) #1

; Function Attrs: nounwind uwtable
define dso_local i32 @main() #0 {
  ret i32 0
}

attributes #0 = { nounwind uwtable "frame-pointer"="none" "min-legal-vector-width"="0" "no-trapping-math"="true" "stack-protector-buffer-size"="8" "target-cpu"="x86-64" "target-features"="+cx8,+fxsr,+mmx,+sse,+sse2,+x87" "tune-cpu"="generic" }
attributes #1 = { argmemonly mustprogress nofree nosync nounwind willreturn }

!llvm.module.flags = !{!0, !1, !2, !3}
!llvm.ident = !{!4}

!0 = !{i32 1, !"wchar_size", i32 4}
!1 = !{i32 7, !"PIC Level", i32 2}
!2 = !{i32 7, !"PIE Level", i32 2}
!3 = !{i32 7, !"uwtable", i32 1}
!4 = !{!"Ubuntu clang version 14.0.0-1ubuntu1.1"}
!5 = distinct !{!5, !6}
!6 = !{!"llvm.loop.mustprogress"}
*** IR Dump After GlobalOptPass on [module] ***
; ModuleID = 'sumeven.c'
source_filename = "sumeven.c"
target datalayout = "e-m:e-p270:32:32-p271:32:32-p272:64:64-i64:64-f80:128-n8:16:32:64-S128"
target triple = "x86_64-pc-linux-gnu"

; Function Attrs: nounwind uwtable
define dso_local i32 @sumeven(i32 noundef %0) local_unnamed_addr #0 {
  br label %2

2:                                                ; preds = %12, %1
  %3 = phi i32 [ 0, %1 ], [ %13, %12 ]
  %4 = phi i32 [ 1, %1 ], [ %14, %12 ]
  %5 = icmp sle i32 %4, %0
  br i1 %5, label %7, label %6

6:                                                ; preds = %2
  ret i32 %3

7:                                                ; preds = %2
  %8 = srem i32 %4, 2
  %9 = icmp eq i32 %8, 0
  br i1 %9, label %10, label %12

10:                                               ; preds = %7
  %11 = add nsw i32 %3, %4
  br label %12

12:                                               ; preds = %7, %10
  %13 = phi i32 [ %11, %10 ], [ %3, %7 ]
  %14 = add nsw i32 %4, 1
  br label %2, !llvm.loop !5
}

; Function Attrs: nounwind uwtable
define dso_local i32 @main() local_unnamed_addr #0 {
  ret i32 0
}

attributes #0 = { nounwind uwtable "frame-pointer"="none" "min-legal-vector-width"="0" "no-trapping-math"="true" "stack-protector-buffer-size"="8" "target-cpu"="x86-64" "target-features"="+cx8,+fxsr,+mmx,+sse,+sse2,+x87" "tune-cpu"="generic" }

!llvm.module.flags = !{!0, !1, !2, !3}
!llvm.ident = !{!4}

!0 = !{i32 1, !"wchar_size", i32 4}
!1 = !{i32 7, !"PIC Level", i32 2}
!2 = !{i32 7, !"PIE Level", i32 2}
!3 = !{i32 7, !"uwtable", i32 1}
!4 = !{!"Ubuntu clang version 14.0.0-1ubuntu1.1"}
!5 = distinct !{!5, !6}
!6 = !{!"llvm.loop.mustprogress"}
*** IR Dump After PromotePass on sumeven ***
; Function Attrs: nounwind uwtable
define dso_local i32 @sumeven(i32 noundef %0) local_unnamed_addr #0 {
  br label %2

2:                                                ; preds = %12, %1
  %3 = phi i32 [ 0, %1 ], [ %13, %12 ]
  %4 = phi i32 [ 1, %1 ], [ %14, %12 ]
  %5 = icmp sle i32 %4, %0
  br i1 %5, label %7, label %6

6:                                                ; preds = %2
  ret i32 %3

7:                                                ; preds = %2
  %8 = srem i32 %4, 2
  %9 = icmp eq i32 %8, 0
  br i1 %9, label %10, label %12

10:                                               ; preds = %7
  %11 = add nsw i32 %3, %4
  br label %12

12:                                               ; preds = %7, %10
  %13 = phi i32 [ %11, %10 ], [ %3, %7 ]
  %14 = add nsw i32 %4, 1
  br label %2, !llvm.loop !5
}
*** IR Dump After PromotePass on main ***
; Function Attrs: nounwind uwtable
define dso_local i32 @main() local_unnamed_addr #0 {
  ret i32 0
}
*** IR Dump After DeadArgumentEliminationPass on [module] ***
; ModuleID = 'sumeven.c'
source_filename = "sumeven.c"
target datalayout = "e-m:e-p270:32:32-p271:32:32-p272:64:64-i64:64-f80:128-n8:16:32:64-S128"
target triple = "x86_64-pc-linux-gnu"

; Function Attrs: nounwind uwtable
define dso_local i32 @sumeven(i32 noundef %0) local_unnamed_addr #0 {
  br label %2

2:                                                ; preds = %12, %1
  %3 = phi i32 [ 0, %1 ], [ %13, %12 ]
  %4 = phi i32 [ 1, %1 ], [ %14, %12 ]
  %5 = icmp sle i32 %4, %0
  br i1 %5, label %7, label %6

6:                                                ; preds = %2
  ret i32 %3

7:                                                ; preds = %2
  %8 = srem i32 %4, 2
  %9 = icmp eq i32 %8, 0
  br i1 %9, label %10, label %12

10:                                               ; preds = %7
  %11 = add nsw i32 %3, %4
  br label %12

12:                                               ; preds = %7, %10
  %13 = phi i32 [ %11, %10 ], [ %3, %7 ]
  %14 = add nsw i32 %4, 1
  br label %2, !llvm.loop !5
}

; Function Attrs: nounwind uwtable
define dso_local i32 @main() local_unnamed_addr #0 {
  ret i32 0
}

attributes #0 = { nounwind uwtable "frame-pointer"="none" "min-legal-vector-width"="0" "no-trapping-math"="true" "stack-protector-buffer-size"="8" "target-cpu"="x86-64" "target-features"="+cx8,+fxsr,+mmx,+sse,+sse2,+x87" "tune-cpu"="generic" }

!llvm.module.flags = !{!0, !1, !2, !3}
!llvm.ident = !{!4}

!0 = !{i32 1, !"wchar_size", i32 4}
!1 = !{i32 7, !"PIC Level", i32 2}
!2 = !{i32 7, !"PIE Level", i32 2}
!3 = !{i32 7, !"uwtable", i32 1}
!4 = !{!"Ubuntu clang version 14.0.0-1ubuntu1.1"}
!5 = distinct !{!5, !6}
!6 = !{!"llvm.loop.mustprogress"}
*** IR Dump After InstCombinePass on sumeven ***
; Function Attrs: nounwind uwtable
define dso_local i32 @sumeven(i32 noundef %0) local_unnamed_addr #0 {
  br label %2

2:                                                ; preds = %12, %1
  %3 = phi i32 [ 0, %1 ], [ %13, %12 ]
  %4 = phi i32 [ 1, %1 ], [ %14, %12 ]
  %5 = icmp sgt i32 %4, %0
  br i1 %5, label %6, label %7

6:                                                ; preds = %2
  ret i32 %3

7:                                                ; preds = %2
  %8 = and i32 %4, 1
  %9 = icmp eq i32 %8, 0
  br i1 %9, label %10, label %12

10:                                               ; preds = %7
  %11 = add nsw i32 %3, %4
  br label %12

12:                                               ; preds = %7, %10
  %13 = phi i32 [ %11, %10 ], [ %3, %7 ]
  %14 = add nuw nsw i32 %4, 1
  br label %2, !llvm.loop !5
}
*** IR Dump After SimplifyCFGPass on sumeven ***
; Function Attrs: nounwind uwtable
define dso_local i32 @sumeven(i32 noundef %0) local_unnamed_addr #0 {
  br label %2

2:                                                ; preds = %7, %1
  %3 = phi i32 [ 0, %1 ], [ %11, %7 ]
  %4 = phi i32 [ 1, %1 ], [ %12, %7 ]
  %5 = icmp sgt i32 %4, %0
  br i1 %5, label %6, label %7

6:                                                ; preds = %2
  ret i32 %3

7:                                                ; preds = %2
  %8 = and i32 %4, 1
  %9 = icmp eq i32 %8, 0
  %10 = add nsw i32 %3, %4
  %11 = select i1 %9, i32 %10, i32 %3
  %12 = add nuw nsw i32 %4, 1
  br label %2, !llvm.loop !5
}
*** IR Dump After InstCombinePass on main ***
; Function Attrs: nounwind uwtable
define dso_local i32 @main() local_unnamed_addr #0 {
  ret i32 0
}
*** IR Dump After SimplifyCFGPass on main ***
; Function Attrs: nounwind uwtable
define dso_local i32 @main() local_unnamed_addr #0 {
  ret i32 0
}
*** IR Dump After RequireAnalysisPass<llvm::GlobalsAA, llvm::Module> on [module] ***
; ModuleID = 'sumeven.c'
source_filename = "sumeven.c"
target datalayout = "e-m:e-p270:32:32-p271:32:32-p272:64:64-i64:64-f80:128-n8:16:32:64-S128"
target triple = "x86_64-pc-linux-gnu"

; Function Attrs: nounwind uwtable
define dso_local i32 @sumeven(i32 noundef %0) local_unnamed_addr #0 {
  br label %2

2:                                                ; preds = %7, %1
  %3 = phi i32 [ 0, %1 ], [ %11, %7 ]
  %4 = phi i32 [ 1, %1 ], [ %12, %7 ]
  %5 = icmp sgt i32 %4, %0
  br i1 %5, label %6, label %7

6:                                                ; preds = %2
  ret i32 %3

7:                                                ; preds = %2
  %8 = and i32 %4, 1
  %9 = icmp eq i32 %8, 0
  %10 = add nsw i32 %3, %4
  %11 = select i1 %9, i32 %10, i32 %3
  %12 = add nuw nsw i32 %4, 1
  br label %2, !llvm.loop !5
}

; Function Attrs: nounwind uwtable
define dso_local i32 @main() local_unnamed_addr #0 {
  ret i32 0
}

attributes #0 = { nounwind uwtable "frame-pointer"="none" "min-legal-vector-width"="0" "no-trapping-math"="true" "stack-protector-buffer-size"="8" "target-cpu"="x86-64" "target-features"="+cx8,+fxsr,+mmx,+sse,+sse2,+x87" "tune-cpu"="generic" }

!llvm.module.flags = !{!0, !1, !2, !3}
!llvm.ident = !{!4}

!0 = !{i32 1, !"wchar_size", i32 4}
!1 = !{i32 7, !"PIC Level", i32 2}
!2 = !{i32 7, !"PIE Level", i32 2}
!3 = !{i32 7, !"uwtable", i32 1}
!4 = !{!"Ubuntu clang version 14.0.0-1ubuntu1.1"}
!5 = distinct !{!5, !6}
!6 = !{!"llvm.loop.mustprogress"}
*** IR Dump After InvalidateAnalysisPass<llvm::AAManager> on sumeven ***
; Function Attrs: nounwind uwtable
define dso_local i32 @sumeven(i32 noundef %0) local_unnamed_addr #0 {
  br label %2

2:                                                ; preds = %7, %1
  %3 = phi i32 [ 0, %1 ], [ %11, %7 ]
  %4 = phi i32 [ 1, %1 ], [ %12, %7 ]
  %5 = icmp sgt i32 %4, %0
  br i1 %5, label %6, label %7

6:                                                ; preds = %2
  ret i32 %3

7:                                                ; preds = %2
  %8 = and i32 %4, 1
  %9 = icmp eq i32 %8, 0
  %10 = add nsw i32 %3, %4
  %11 = select i1 %9, i32 %10, i32 %3
  %12 = add nuw nsw i32 %4, 1
  br label %2, !llvm.loop !5
}
*** IR Dump After InvalidateAnalysisPass<llvm::AAManager> on main ***
; Function Attrs: nounwind uwtable
define dso_local i32 @main() local_unnamed_addr #0 {
  ret i32 0
}
*** IR Dump After RequireAnalysisPass<llvm::ProfileSummaryAnalysis, llvm::Module> on [module] ***
; ModuleID = 'sumeven.c'
source_filename = "sumeven.c"
target datalayout = "e-m:e-p270:32:32-p271:32:32-p272:64:64-i64:64-f80:128-n8:16:32:64-S128"
target triple = "x86_64-pc-linux-gnu"

; Function Attrs: nounwind uwtable
define dso_local i32 @sumeven(i32 noundef %0) local_unnamed_addr #0 {
  br label %2

2:                                                ; preds = %7, %1
  %3 = phi i32 [ 0, %1 ], [ %11, %7 ]
  %4 = phi i32 [ 1, %1 ], [ %12, %7 ]
  %5 = icmp sgt i32 %4, %0
  br i1 %5, label %6, label %7

6:                                                ; preds = %2
  ret i32 %3

7:                                                ; preds = %2
  %8 = and i32 %4, 1
  %9 = icmp eq i32 %8, 0
  %10 = add nsw i32 %3, %4
  %11 = select i1 %9, i32 %10, i32 %3
  %12 = add nuw nsw i32 %4, 1
  br label %2, !llvm.loop !5
}

; Function Attrs: nounwind uwtable
define dso_local i32 @main() local_unnamed_addr #0 {
  ret i32 0
}

attributes #0 = { nounwind uwtable "frame-pointer"="none" "min-legal-vector-width"="0" "no-trapping-math"="true" "stack-protector-buffer-size"="8" "target-cpu"="x86-64" "target-features"="+cx8,+fxsr,+mmx,+sse,+sse2,+x87" "tune-cpu"="generic" }

!llvm.module.flags = !{!0, !1, !2, !3}
!llvm.ident = !{!4}

!0 = !{i32 1, !"wchar_size", i32 4}
!1 = !{i32 7, !"PIC Level", i32 2}
!2 = !{i32 7, !"PIE Level", i32 2}
!3 = !{i32 7, !"uwtable", i32 1}
!4 = !{!"Ubuntu clang version 14.0.0-1ubuntu1.1"}
!5 = distinct !{!5, !6}
!6 = !{!"llvm.loop.mustprogress"}
*** IR Dump After InlinerPass on (sumeven) ***
; Function Attrs: nounwind uwtable
define dso_local i32 @sumeven(i32 noundef %0) local_unnamed_addr #0 {
  br label %2

2:                                                ; preds = %7, %1
  %3 = phi i32 [ 0, %1 ], [ %11, %7 ]
  %4 = phi i32 [ 1, %1 ], [ %12, %7 ]
  %5 = icmp sgt i32 %4, %0
  br i1 %5, label %6, label %7

6:                                                ; preds = %2
  ret i32 %3

7:                                                ; preds = %2
  %8 = and i32 %4, 1
  %9 = icmp eq i32 %8, 0
  %10 = add nsw i32 %3, %4
  %11 = select i1 %9, i32 %10, i32 %3
  %12 = add nuw nsw i32 %4, 1
  br label %2, !llvm.loop !5
}
*** IR Dump After InlinerPass on (sumeven) ***
; Function Attrs: nounwind uwtable
define dso_local i32 @sumeven(i32 noundef %0) local_unnamed_addr #0 {
  br label %2

2:                                                ; preds = %7, %1
  %3 = phi i32 [ 0, %1 ], [ %11, %7 ]
  %4 = phi i32 [ 1, %1 ], [ %12, %7 ]
  %5 = icmp sgt i32 %4, %0
  br i1 %5, label %6, label %7

6:                                                ; preds = %2
  ret i32 %3

7:                                                ; preds = %2
  %8 = and i32 %4, 1
  %9 = icmp eq i32 %8, 0
  %10 = add nsw i32 %3, %4
  %11 = select i1 %9, i32 %10, i32 %3
  %12 = add nuw nsw i32 %4, 1
  br label %2, !llvm.loop !5
}
*** IR Dump After PostOrderFunctionAttrsPass on (sumeven) ***
; Function Attrs: nofree norecurse nosync nounwind readnone uwtable
define dso_local i32 @sumeven(i32 noundef %0) local_unnamed_addr #0 {
  br label %2

2:                                                ; preds = %7, %1
  %3 = phi i32 [ 0, %1 ], [ %11, %7 ]
  %4 = phi i32 [ 1, %1 ], [ %12, %7 ]
  %5 = icmp sgt i32 %4, %0
  br i1 %5, label %6, label %7

6:                                                ; preds = %2
  ret i32 %3

7:                                                ; preds = %2
  %8 = and i32 %4, 1
  %9 = icmp eq i32 %8, 0
  %10 = add nsw i32 %3, %4
  %11 = select i1 %9, i32 %10, i32 %3
  %12 = add nuw nsw i32 %4, 1
  br label %2, !llvm.loop !5
}
*** IR Dump After OpenMPOptCGSCCPass on (sumeven) ***
; Function Attrs: nofree norecurse nosync nounwind readnone uwtable
define dso_local i32 @sumeven(i32 noundef %0) local_unnamed_addr #0 {
  br label %2

2:                                                ; preds = %7, %1
  %3 = phi i32 [ 0, %1 ], [ %11, %7 ]
  %4 = phi i32 [ 1, %1 ], [ %12, %7 ]
  %5 = icmp sgt i32 %4, %0
  br i1 %5, label %6, label %7

6:                                                ; preds = %2
  ret i32 %3

7:                                                ; preds = %2
  %8 = and i32 %4, 1
  %9 = icmp eq i32 %8, 0
  %10 = add nsw i32 %3, %4
  %11 = select i1 %9, i32 %10, i32 %3
  %12 = add nuw nsw i32 %4, 1
  br label %2, !llvm.loop !5
}
*** IR Dump After SROAPass on sumeven ***
; Function Attrs: nofree norecurse nosync nounwind readnone uwtable
define dso_local i32 @sumeven(i32 noundef %0) local_unnamed_addr #0 {
  br label %2

2:                                                ; preds = %7, %1
  %3 = phi i32 [ 0, %1 ], [ %11, %7 ]
  %4 = phi i32 [ 1, %1 ], [ %12, %7 ]
  %5 = icmp sgt i32 %4, %0
  br i1 %5, label %6, label %7

6:                                                ; preds = %2
  ret i32 %3

7:                                                ; preds = %2
  %8 = and i32 %4, 1
  %9 = icmp eq i32 %8, 0
  %10 = add nsw i32 %3, %4
  %11 = select i1 %9, i32 %10, i32 %3
  %12 = add nuw nsw i32 %4, 1
  br label %2, !llvm.loop !5
}
*** IR Dump After EarlyCSEPass on sumeven ***
; Function Attrs: nofree norecurse nosync nounwind readnone uwtable
define dso_local i32 @sumeven(i32 noundef %0) local_unnamed_addr #0 {
  br label %2

2:                                                ; preds = %7, %1
  %3 = phi i32 [ 0, %1 ], [ %11, %7 ]
  %4 = phi i32 [ 1, %1 ], [ %12, %7 ]
  %5 = icmp sgt i32 %4, %0
  br i1 %5, label %6, label %7

6:                                                ; preds = %2
  ret i32 %3

7:                                                ; preds = %2
  %8 = and i32 %4, 1
  %9 = icmp eq i32 %8, 0
  %10 = add nsw i32 %3, %4
  %11 = select i1 %9, i32 %10, i32 %3
  %12 = add nuw nsw i32 %4, 1
  br label %2, !llvm.loop !5
}
*** IR Dump After SpeculativeExecutionPass on sumeven ***
; Function Attrs: nofree norecurse nosync nounwind readnone uwtable
define dso_local i32 @sumeven(i32 noundef %0) local_unnamed_addr #0 {
  br label %2

2:                                                ; preds = %7, %1
  %3 = phi i32 [ 0, %1 ], [ %11, %7 ]
  %4 = phi i32 [ 1, %1 ], [ %12, %7 ]
  %5 = icmp sgt i32 %4, %0
  br i1 %5, label %6, label %7

6:                                                ; preds = %2
  ret i32 %3

7:                                                ; preds = %2
  %8 = and i32 %4, 1
  %9 = icmp eq i32 %8, 0
  %10 = add nsw i32 %3, %4
  %11 = select i1 %9, i32 %10, i32 %3
  %12 = add nuw nsw i32 %4, 1
  br label %2, !llvm.loop !5
}
*** IR Dump After JumpThreadingPass on sumeven ***
; Function Attrs: nofree norecurse nosync nounwind readnone uwtable
define dso_local i32 @sumeven(i32 noundef %0) local_unnamed_addr #0 {
  br label %2

2:                                                ; preds = %7, %1
  %3 = phi i32 [ 0, %1 ], [ %11, %7 ]
  %4 = phi i32 [ 1, %1 ], [ %12, %7 ]
  %5 = icmp sgt i32 %4, %0
  br i1 %5, label %6, label %7

6:                                                ; preds = %2
  ret i32 %3

7:                                                ; preds = %2
  %8 = and i32 %4, 1
  %9 = icmp eq i32 %8, 0
  %10 = add nsw i32 %3, %4
  %11 = select i1 %9, i32 %10, i32 %3
  %12 = add nuw nsw i32 %4, 1
  br label %2, !llvm.loop !5
}
*** IR Dump After CorrelatedValuePropagationPass on sumeven ***
; Function Attrs: nofree norecurse nosync nounwind readnone uwtable
define dso_local i32 @sumeven(i32 noundef %0) local_unnamed_addr #0 {
  br label %2

2:                                                ; preds = %7, %1
  %3 = phi i32 [ 0, %1 ], [ %11, %7 ]
  %4 = phi i32 [ 1, %1 ], [ %12, %7 ]
  %5 = icmp sgt i32 %4, %0
  br i1 %5, label %6, label %7

6:                                                ; preds = %2
  ret i32 %3

7:                                                ; preds = %2
  %8 = and i32 %4, 1
  %9 = icmp eq i32 %8, 0
  %10 = add nsw i32 %3, %4
  %11 = select i1 %9, i32 %10, i32 %3
  %12 = add nuw nsw i32 %4, 1
  br label %2, !llvm.loop !5
}
*** IR Dump After SimplifyCFGPass on sumeven ***
; Function Attrs: nofree norecurse nosync nounwind readnone uwtable
define dso_local i32 @sumeven(i32 noundef %0) local_unnamed_addr #0 {
  br label %2

2:                                                ; preds = %7, %1
  %3 = phi i32 [ 0, %1 ], [ %11, %7 ]
  %4 = phi i32 [ 1, %1 ], [ %12, %7 ]
  %5 = icmp sgt i32 %4, %0
  br i1 %5, label %6, label %7

6:                                                ; preds = %2
  ret i32 %3

7:                                                ; preds = %2
  %8 = and i32 %4, 1
  %9 = icmp eq i32 %8, 0
  %10 = add nsw i32 %3, %4
  %11 = select i1 %9, i32 %10, i32 %3
  %12 = add nuw nsw i32 %4, 1
  br label %2, !llvm.loop !5
}
*** IR Dump After InstCombinePass on sumeven ***
; Function Attrs: nofree norecurse nosync nounwind readnone uwtable
define dso_local i32 @sumeven(i32 noundef %0) local_unnamed_addr #0 {
  br label %2

2:                                                ; preds = %7, %1
  %3 = phi i32 [ 0, %1 ], [ %11, %7 ]
  %4 = phi i32 [ 1, %1 ], [ %12, %7 ]
  %5 = icmp sgt i32 %4, %0
  br i1 %5, label %6, label %7

6:                                                ; preds = %2
  ret i32 %3

7:                                                ; preds = %2
  %8 = and i32 %4, 1
  %9 = icmp eq i32 %8, 0
  %10 = select i1 %9, i32 %4, i32 0
  %11 = add nuw nsw i32 %3, %10
  %12 = add nuw nsw i32 %4, 1
  br label %2, !llvm.loop !5
}
*** IR Dump After LibCallsShrinkWrapPass on sumeven ***
; Function Attrs: nofree norecurse nosync nounwind readnone uwtable
define dso_local i32 @sumeven(i32 noundef %0) local_unnamed_addr #0 {
  br label %2

2:                                                ; preds = %7, %1
  %3 = phi i32 [ 0, %1 ], [ %11, %7 ]
  %4 = phi i32 [ 1, %1 ], [ %12, %7 ]
  %5 = icmp sgt i32 %4, %0
  br i1 %5, label %6, label %7

6:                                                ; preds = %2
  ret i32 %3

7:                                                ; preds = %2
  %8 = and i32 %4, 1
  %9 = icmp eq i32 %8, 0
  %10 = select i1 %9, i32 %4, i32 0
  %11 = add nuw nsw i32 %3, %10
  %12 = add nuw nsw i32 %4, 1
  br label %2, !llvm.loop !5
}
*** IR Dump After TailCallElimPass on sumeven ***
; Function Attrs: nofree norecurse nosync nounwind readnone uwtable
define dso_local i32 @sumeven(i32 noundef %0) local_unnamed_addr #0 {
  br label %2

2:                                                ; preds = %7, %1
  %3 = phi i32 [ 0, %1 ], [ %11, %7 ]
  %4 = phi i32 [ 1, %1 ], [ %12, %7 ]
  %5 = icmp sgt i32 %4, %0
  br i1 %5, label %6, label %7

6:                                                ; preds = %2
  ret i32 %3

7:                                                ; preds = %2
  %8 = and i32 %4, 1
  %9 = icmp eq i32 %8, 0
  %10 = select i1 %9, i32 %4, i32 0
  %11 = add nuw nsw i32 %3, %10
  %12 = add nuw nsw i32 %4, 1
  br label %2, !llvm.loop !5
}
*** IR Dump After SimplifyCFGPass on sumeven ***
; Function Attrs: nofree norecurse nosync nounwind readnone uwtable
define dso_local i32 @sumeven(i32 noundef %0) local_unnamed_addr #0 {
  br label %2

2:                                                ; preds = %7, %1
  %3 = phi i32 [ 0, %1 ], [ %11, %7 ]
  %4 = phi i32 [ 1, %1 ], [ %12, %7 ]
  %5 = icmp sgt i32 %4, %0
  br i1 %5, label %6, label %7

6:                                                ; preds = %2
  ret i32 %3

7:                                                ; preds = %2
  %8 = and i32 %4, 1
  %9 = icmp eq i32 %8, 0
  %10 = select i1 %9, i32 %4, i32 0
  %11 = add nuw nsw i32 %3, %10
  %12 = add nuw nsw i32 %4, 1
  br label %2, !llvm.loop !5
}
*** IR Dump After ReassociatePass on sumeven ***
; Function Attrs: nofree norecurse nosync nounwind readnone uwtable
define dso_local i32 @sumeven(i32 noundef %0) local_unnamed_addr #0 {
  br label %2

2:                                                ; preds = %7, %1
  %3 = phi i32 [ 0, %1 ], [ %11, %7 ]
  %4 = phi i32 [ 1, %1 ], [ %12, %7 ]
  %5 = icmp sgt i32 %4, %0
  br i1 %5, label %6, label %7

6:                                                ; preds = %2
  ret i32 %3

7:                                                ; preds = %2
  %8 = and i32 %4, 1
  %9 = icmp eq i32 %8, 0
  %10 = select i1 %9, i32 %4, i32 0
  %11 = add nuw nsw i32 %10, %3
  %12 = add nuw nsw i32 %4, 1
  br label %2, !llvm.loop !5
}
*** IR Dump After RequireAnalysisPass<llvm::OptimizationRemarkEmitterAnalysis, llvm::Function> on sumeven ***
; Function Attrs: nofree norecurse nosync nounwind readnone uwtable
define dso_local i32 @sumeven(i32 noundef %0) local_unnamed_addr #0 {
  br label %2

2:                                                ; preds = %7, %1
  %3 = phi i32 [ 0, %1 ], [ %11, %7 ]
  %4 = phi i32 [ 1, %1 ], [ %12, %7 ]
  %5 = icmp sgt i32 %4, %0
  br i1 %5, label %6, label %7

6:                                                ; preds = %2
  ret i32 %3

7:                                                ; preds = %2
  %8 = and i32 %4, 1
  %9 = icmp eq i32 %8, 0
  %10 = select i1 %9, i32 %4, i32 0
  %11 = add nuw nsw i32 %10, %3
  %12 = add nuw nsw i32 %4, 1
  br label %2, !llvm.loop !5
}
*** IR Dump After LoopSimplifyPass on sumeven ***
; Function Attrs: nofree norecurse nosync nounwind readnone uwtable
define dso_local i32 @sumeven(i32 noundef %0) local_unnamed_addr #0 {
  br label %2

2:                                                ; preds = %7, %1
  %3 = phi i32 [ 0, %1 ], [ %11, %7 ]
  %4 = phi i32 [ 1, %1 ], [ %12, %7 ]
  %5 = icmp sgt i32 %4, %0
  br i1 %5, label %6, label %7

6:                                                ; preds = %2
  ret i32 %3

7:                                                ; preds = %2
  %8 = and i32 %4, 1
  %9 = icmp eq i32 %8, 0
  %10 = select i1 %9, i32 %4, i32 0
  %11 = add nuw nsw i32 %10, %3
  %12 = add nuw nsw i32 %4, 1
  br label %2, !llvm.loop !5
}
*** IR Dump After LCSSAPass on sumeven ***
; Function Attrs: nofree norecurse nosync nounwind readnone uwtable
define dso_local i32 @sumeven(i32 noundef %0) local_unnamed_addr #0 {
  br label %2

2:                                                ; preds = %8, %1
  %3 = phi i32 [ 0, %1 ], [ %12, %8 ]
  %4 = phi i32 [ 1, %1 ], [ %13, %8 ]
  %5 = icmp sgt i32 %4, %0
  br i1 %5, label %6, label %8

6:                                                ; preds = %2
  %7 = phi i32 [ %3, %2 ]
  ret i32 %7

8:                                                ; preds = %2
  %9 = and i32 %4, 1
  %10 = icmp eq i32 %9, 0
  %11 = select i1 %10, i32 %4, i32 0
  %12 = add nuw nsw i32 %11, %3
  %13 = add nuw nsw i32 %4, 1
  br label %2, !llvm.loop !5
}
*** IR Dump After LoopInstSimplifyPass on Parallel Loop at depth 1 containing: %2<header><exiting>,%8<latch> ***

; Preheader:
  br label %2

; Loop:
2:                                                ; preds = %8, %1
  %3 = phi i32 [ 0, %1 ], [ %12, %8 ]
  %4 = phi i32 [ 1, %1 ], [ %13, %8 ]
  %5 = icmp sgt i32 %4, %0
  br i1 %5, label %6, label %8

8:                                                ; preds = %2
  %9 = and i32 %4, 1
  %10 = icmp eq i32 %9, 0
  %11 = select i1 %10, i32 %4, i32 0
  %12 = add nuw nsw i32 %11, %3
  %13 = add nuw nsw i32 %4, 1
  br label %2, !llvm.loop !5

; Exit blocks
6:                                                ; preds = %2
  %7 = phi i32 [ %3, %2 ]
  ret i32 %7
*** IR Dump After LoopSimplifyCFGPass on Parallel Loop at depth 1 containing: %2<header><exiting>,%8<latch> ***

; Preheader:
  br label %2

; Loop:
2:                                                ; preds = %8, %1
  %3 = phi i32 [ 0, %1 ], [ %12, %8 ]
  %4 = phi i32 [ 1, %1 ], [ %13, %8 ]
  %5 = icmp sgt i32 %4, %0
  br i1 %5, label %6, label %8

8:                                                ; preds = %2
  %9 = and i32 %4, 1
  %10 = icmp eq i32 %9, 0
  %11 = select i1 %10, i32 %4, i32 0
  %12 = add nuw nsw i32 %11, %3
  %13 = add nuw nsw i32 %4, 1
  br label %2, !llvm.loop !5

; Exit blocks
6:                                                ; preds = %2
  %7 = phi i32 [ %3, %2 ]
  ret i32 %7
*** IR Dump After LICMPass on Parallel Loop at depth 1 containing: %2<header><exiting>,%8<latch> ***

; Preheader:
  br label %2

; Loop:
2:                                                ; preds = %8, %1
  %3 = phi i32 [ 0, %1 ], [ %12, %8 ]
  %4 = phi i32 [ 1, %1 ], [ %13, %8 ]
  %5 = icmp sgt i32 %4, %0
  br i1 %5, label %6, label %8

8:                                                ; preds = %2
  %9 = and i32 %4, 1
  %10 = icmp eq i32 %9, 0
  %11 = select i1 %10, i32 %4, i32 0
  %12 = add nuw nsw i32 %11, %3
  %13 = add nuw nsw i32 %4, 1
  br label %2, !llvm.loop !5

; Exit blocks
6:                                                ; preds = %2
  %7 = phi i32 [ %3, %2 ]
  ret i32 %7
*** IR Dump After LoopRotatePass on Parallel Loop at depth 1 containing: %2<header><exiting>,%8<latch> ***

; Preheader:
3:                                                ; preds = %1
  br label %8

; Loop:
8:                                                ; preds = %3, %8
  %9 = phi i32 [ 1, %3 ], [ %15, %8 ]
  %10 = phi i32 [ 0, %3 ], [ %14, %8 ]
  %11 = and i32 %9, 1
  %12 = icmp eq i32 %11, 0
  %13 = select i1 %12, i32 %9, i32 0
  %14 = add nuw nsw i32 %13, %10
  %15 = add nuw nsw i32 %9, 1
  %16 = icmp sgt i32 %15, %0
  br i1 %16, label %4, label %8, !llvm.loop !5

; Exit blocks
4:                                                ; preds = %8
  %5 = phi i32 [ %14, %8 ]
  br label %6
*** IR Dump After LICMPass on Parallel Loop at depth 1 containing: %8<header><latch><exiting> ***

; Preheader:
3:                                                ; preds = %1
  br label %8

; Loop:
8:                                                ; preds = %3, %8
  %9 = phi i32 [ 1, %3 ], [ %15, %8 ]
  %10 = phi i32 [ 0, %3 ], [ %14, %8 ]
  %11 = and i32 %9, 1
  %12 = icmp eq i32 %11, 0
  %13 = select i1 %12, i32 %9, i32 0
  %14 = add nuw nsw i32 %13, %10
  %15 = add nuw nsw i32 %9, 1
  %16 = icmp sgt i32 %15, %0
  br i1 %16, label %4, label %8, !llvm.loop !5

; Exit blocks
4:                                                ; preds = %8
  %5 = phi i32 [ %14, %8 ]
  br label %6
*** IR Dump After SimpleLoopUnswitchPass on Parallel Loop at depth 1 containing: %8<header><latch><exiting> ***

; Preheader:
3:                                                ; preds = %1
  br label %8

; Loop:
8:                                                ; preds = %3, %8
  %9 = phi i32 [ 1, %3 ], [ %15, %8 ]
  %10 = phi i32 [ 0, %3 ], [ %14, %8 ]
  %11 = and i32 %9, 1
  %12 = icmp eq i32 %11, 0
  %13 = select i1 %12, i32 %9, i32 0
  %14 = add nuw nsw i32 %13, %10
  %15 = add nuw nsw i32 %9, 1
  %16 = icmp sgt i32 %15, %0
  br i1 %16, label %4, label %8, !llvm.loop !5

; Exit blocks
4:                                                ; preds = %8
  %5 = phi i32 [ %14, %8 ]
  br label %6
*** IR Dump After SimplifyCFGPass on sumeven ***
; Function Attrs: nofree norecurse nosync nounwind readnone uwtable
define dso_local i32 @sumeven(i32 noundef %0) local_unnamed_addr #0 {
  %2 = icmp sgt i32 1, %0
  br i1 %2, label %3, label %5

3:                                                ; preds = %5, %1
  %4 = phi i32 [ 0, %1 ], [ %11, %5 ]
  ret i32 %4

5:                                                ; preds = %1, %5
  %6 = phi i32 [ %12, %5 ], [ 1, %1 ]
  %7 = phi i32 [ %11, %5 ], [ 0, %1 ]
  %8 = and i32 %6, 1
  %9 = icmp eq i32 %8, 0
  %10 = select i1 %9, i32 %6, i32 0
  %11 = add nuw nsw i32 %10, %7
  %12 = add nuw nsw i32 %6, 1
  %13 = icmp sgt i32 %12, %0
  br i1 %13, label %3, label %5, !llvm.loop !5
}
*** IR Dump After InstCombinePass on sumeven ***
; Function Attrs: nofree norecurse nosync nounwind readnone uwtable
define dso_local i32 @sumeven(i32 noundef %0) local_unnamed_addr #0 {
  %2 = icmp slt i32 %0, 1
  br i1 %2, label %3, label %5

3:                                                ; preds = %5, %1
  %4 = phi i32 [ 0, %1 ], [ %11, %5 ]
  ret i32 %4

5:                                                ; preds = %1, %5
  %6 = phi i32 [ %12, %5 ], [ 1, %1 ]
  %7 = phi i32 [ %11, %5 ], [ 0, %1 ]
  %8 = and i32 %6, 1
  %9 = icmp eq i32 %8, 0
  %10 = select i1 %9, i32 %6, i32 0
  %11 = add nuw nsw i32 %10, %7
  %12 = add nuw nsw i32 %6, 1
  %13 = icmp slt i32 %6, %0
  br i1 %13, label %5, label %3, !llvm.loop !5
}
*** IR Dump After LoopSimplifyPass on sumeven ***
; Function Attrs: nofree norecurse nosync nounwind readnone uwtable
define dso_local i32 @sumeven(i32 noundef %0) local_unnamed_addr #0 {
  %2 = icmp slt i32 %0, 1
  br i1 %2, label %5, label %3

3:                                                ; preds = %1
  br label %7

4:                                                ; preds = %7
  br label %5

5:                                                ; preds = %4, %1
  %6 = phi i32 [ 0, %1 ], [ %13, %4 ]
  ret i32 %6

7:                                                ; preds = %3, %7
  %8 = phi i32 [ %14, %7 ], [ 1, %3 ]
  %9 = phi i32 [ %13, %7 ], [ 0, %3 ]
  %10 = and i32 %8, 1
  %11 = icmp eq i32 %10, 0
  %12 = select i1 %11, i32 %8, i32 0
  %13 = add nuw nsw i32 %12, %9
  %14 = add nuw nsw i32 %8, 1
  %15 = icmp slt i32 %8, %0
  br i1 %15, label %7, label %4, !llvm.loop !5
}
*** IR Dump After LCSSAPass on sumeven ***
; Function Attrs: nofree norecurse nosync nounwind readnone uwtable
define dso_local i32 @sumeven(i32 noundef %0) local_unnamed_addr #0 {
  %2 = icmp slt i32 %0, 1
  br i1 %2, label %6, label %3

3:                                                ; preds = %1
  br label %8

4:                                                ; preds = %8
  %5 = phi i32 [ %14, %8 ]
  br label %6

6:                                                ; preds = %4, %1
  %7 = phi i32 [ 0, %1 ], [ %5, %4 ]
  ret i32 %7

8:                                                ; preds = %3, %8
  %9 = phi i32 [ %15, %8 ], [ 1, %3 ]
  %10 = phi i32 [ %14, %8 ], [ 0, %3 ]
  %11 = and i32 %9, 1
  %12 = icmp eq i32 %11, 0
  %13 = select i1 %12, i32 %9, i32 0
  %14 = add nuw nsw i32 %13, %10
  %15 = add nuw nsw i32 %9, 1
  %16 = icmp slt i32 %9, %0
  br i1 %16, label %8, label %4, !llvm.loop !5
}
*** IR Dump After LoopIdiomRecognizePass on Parallel Loop at depth 1 containing: %8<header><latch><exiting> ***

; Preheader:
3:                                                ; preds = %1
  br label %8

; Loop:
8:                                                ; preds = %3, %8
  %9 = phi i32 [ %15, %8 ], [ 1, %3 ]
  %10 = phi i32 [ %14, %8 ], [ 0, %3 ]
  %11 = and i32 %9, 1
  %12 = icmp eq i32 %11, 0
  %13 = select i1 %12, i32 %9, i32 0
  %14 = add nuw nsw i32 %13, %10
  %15 = add nuw nsw i32 %9, 1
  %16 = icmp slt i32 %9, %0
  br i1 %16, label %8, label %4, !llvm.loop !5

; Exit blocks
4:                                                ; preds = %8
  %5 = phi i32 [ %14, %8 ]
  br label %6
*** IR Dump After IndVarSimplifyPass on Parallel Loop at depth 1 containing: %8<header><latch><exiting> ***

; Preheader:
3:                                                ; preds = %1
  %4 = add i32 %0, 1
  br label %9

; Loop:
9:                                                ; preds = %3, %9
  %10 = phi i32 [ %16, %9 ], [ 1, %3 ]
  %11 = phi i32 [ %15, %9 ], [ 0, %3 ]
  %12 = and i32 %10, 1
  %13 = icmp eq i32 %12, 0
  %14 = select i1 %13, i32 %10, i32 0
  %15 = add nuw nsw i32 %14, %11
  %16 = add nuw i32 %10, 1
  %17 = icmp ne i32 %16, %4
  br i1 %17, label %9, label %5, !llvm.loop !5

; Exit blocks
5:                                                ; preds = %9
  %6 = phi i32 [ %15, %9 ]
  br label %7
*** IR Dump After LoopDeletionPass on Parallel Loop at depth 1 containing: %9<header><latch><exiting> ***

; Preheader:
3:                                                ; preds = %1
  %4 = add i32 %0, 1
  br label %9

; Loop:
9:                                                ; preds = %3, %9
  %10 = phi i32 [ %16, %9 ], [ 1, %3 ]
  %11 = phi i32 [ %15, %9 ], [ 0, %3 ]
  %12 = and i32 %10, 1
  %13 = icmp eq i32 %12, 0
  %14 = select i1 %13, i32 %10, i32 0
  %15 = add nuw nsw i32 %14, %11
  %16 = add nuw i32 %10, 1
  %17 = icmp ne i32 %16, %4
  br i1 %17, label %9, label %5, !llvm.loop !5

; Exit blocks
5:                                                ; preds = %9
  %6 = phi i32 [ %15, %9 ]
  br label %7
*** IR Dump After LoopFullUnrollPass on Parallel Loop at depth 1 containing: %9<header><latch><exiting> ***

; Preheader:
3:                                                ; preds = %1
  %4 = add i32 %0, 1
  br label %9

; Loop:
9:                                                ; preds = %3, %9
  %10 = phi i32 [ %16, %9 ], [ 1, %3 ]
  %11 = phi i32 [ %15, %9 ], [ 0, %3 ]
  %12 = and i32 %10, 1
  %13 = icmp eq i32 %12, 0
  %14 = select i1 %13, i32 %10, i32 0
  %15 = add nuw nsw i32 %14, %11
  %16 = add nuw i32 %10, 1
  %17 = icmp ne i32 %16, %4
  br i1 %17, label %9, label %5, !llvm.loop !5

; Exit blocks
5:                                                ; preds = %9
  %6 = phi i32 [ %15, %9 ]
  br label %7
*** IR Dump After SROAPass on sumeven ***
; Function Attrs: nofree norecurse nosync nounwind readnone uwtable
define dso_local i32 @sumeven(i32 noundef %0) local_unnamed_addr #0 {
  %2 = icmp slt i32 %0, 1
  br i1 %2, label %7, label %3

3:                                                ; preds = %1
  %4 = add i32 %0, 1
  br label %9

5:                                                ; preds = %9
  %6 = phi i32 [ %15, %9 ]
  br label %7

7:                                                ; preds = %5, %1
  %8 = phi i32 [ 0, %1 ], [ %6, %5 ]
  ret i32 %8

9:                                                ; preds = %3, %9
  %10 = phi i32 [ %16, %9 ], [ 1, %3 ]
  %11 = phi i32 [ %15, %9 ], [ 0, %3 ]
  %12 = and i32 %10, 1
  %13 = icmp eq i32 %12, 0
  %14 = select i1 %13, i32 %10, i32 0
  %15 = add nuw nsw i32 %14, %11
  %16 = add nuw i32 %10, 1
  %17 = icmp ne i32 %16, %4
  br i1 %17, label %9, label %5, !llvm.loop !5
}
*** IR Dump After MergedLoadStoreMotionPass on sumeven ***
; Function Attrs: nofree norecurse nosync nounwind readnone uwtable
define dso_local i32 @sumeven(i32 noundef %0) local_unnamed_addr #0 {
  %2 = icmp slt i32 %0, 1
  br i1 %2, label %7, label %3

3:                                                ; preds = %1
  %4 = add i32 %0, 1
  br label %9

5:                                                ; preds = %9
  %6 = phi i32 [ %15, %9 ]
  br label %7

7:                                                ; preds = %5, %1
  %8 = phi i32 [ 0, %1 ], [ %6, %5 ]
  ret i32 %8

9:                                                ; preds = %3, %9
  %10 = phi i32 [ %16, %9 ], [ 1, %3 ]
  %11 = phi i32 [ %15, %9 ], [ 0, %3 ]
  %12 = and i32 %10, 1
  %13 = icmp eq i32 %12, 0
  %14 = select i1 %13, i32 %10, i32 0
  %15 = add nuw nsw i32 %14, %11
  %16 = add nuw i32 %10, 1
  %17 = icmp ne i32 %16, %4
  br i1 %17, label %9, label %5, !llvm.loop !5
}
*** IR Dump After GVNPass on sumeven ***
; Function Attrs: nofree norecurse nosync nounwind readnone uwtable
define dso_local i32 @sumeven(i32 noundef %0) local_unnamed_addr #0 {
  %2 = icmp slt i32 %0, 1
  br i1 %2, label %6, label %3

3:                                                ; preds = %1
  %4 = add i32 %0, 1
  br label %8

5:                                                ; preds = %8
  br label %6

6:                                                ; preds = %5, %1
  %7 = phi i32 [ 0, %1 ], [ %14, %5 ]
  ret i32 %7

8:                                                ; preds = %3, %8
  %9 = phi i32 [ %15, %8 ], [ 1, %3 ]
  %10 = phi i32 [ %14, %8 ], [ 0, %3 ]
  %11 = and i32 %9, 1
  %12 = icmp eq i32 %11, 0
  %13 = select i1 %12, i32 %9, i32 0
  %14 = add nuw nsw i32 %13, %10
  %15 = add nuw i32 %9, 1
  %16 = icmp ne i32 %15, %4
  br i1 %16, label %8, label %5, !llvm.loop !5
}
*** IR Dump After SCCPPass on sumeven ***
; Function Attrs: nofree norecurse nosync nounwind readnone uwtable
define dso_local i32 @sumeven(i32 noundef %0) local_unnamed_addr #0 {
  %2 = icmp slt i32 %0, 1
  br i1 %2, label %6, label %3

3:                                                ; preds = %1
  %4 = add i32 %0, 1
  br label %8

5:                                                ; preds = %8
  br label %6

6:                                                ; preds = %5, %1
  %7 = phi i32 [ 0, %1 ], [ %14, %5 ]
  ret i32 %7

8:                                                ; preds = %3, %8
  %9 = phi i32 [ %15, %8 ], [ 1, %3 ]
  %10 = phi i32 [ %14, %8 ], [ 0, %3 ]
  %11 = and i32 %9, 1
  %12 = icmp eq i32 %11, 0
  %13 = select i1 %12, i32 %9, i32 0
  %14 = add nuw nsw i32 %13, %10
  %15 = add nuw i32 %9, 1
  %16 = icmp ne i32 %15, %4
  br i1 %16, label %8, label %5, !llvm.loop !5
}
*** IR Dump After BDCEPass on sumeven ***
; Function Attrs: nofree norecurse nosync nounwind readnone uwtable
define dso_local i32 @sumeven(i32 noundef %0) local_unnamed_addr #0 {
  %2 = icmp slt i32 %0, 1
  br i1 %2, label %6, label %3

3:                                                ; preds = %1
  %4 = add i32 %0, 1
  br label %8

5:                                                ; preds = %8
  br label %6

6:                                                ; preds = %5, %1
  %7 = phi i32 [ 0, %1 ], [ %14, %5 ]
  ret i32 %7

8:                                                ; preds = %3, %8
  %9 = phi i32 [ %15, %8 ], [ 1, %3 ]
  %10 = phi i32 [ %14, %8 ], [ 0, %3 ]
  %11 = and i32 %9, 1
  %12 = icmp eq i32 %11, 0
  %13 = select i1 %12, i32 %9, i32 0
  %14 = add nuw nsw i32 %13, %10
  %15 = add nuw i32 %9, 1
  %16 = icmp ne i32 %15, %4
  br i1 %16, label %8, label %5, !llvm.loop !5
}
*** IR Dump After InstCombinePass on sumeven ***
; Function Attrs: nofree norecurse nosync nounwind readnone uwtable
define dso_local i32 @sumeven(i32 noundef %0) local_unnamed_addr #0 {
  %2 = icmp slt i32 %0, 1
  br i1 %2, label %5, label %3

3:                                                ; preds = %1
  br label %7

4:                                                ; preds = %7
  br label %5

5:                                                ; preds = %4, %1
  %6 = phi i32 [ 0, %1 ], [ %13, %4 ]
  ret i32 %6

7:                                                ; preds = %3, %7
  %8 = phi i32 [ %14, %7 ], [ 1, %3 ]
  %9 = phi i32 [ %13, %7 ], [ 0, %3 ]
  %10 = and i32 %8, 1
  %11 = icmp eq i32 %10, 0
  %12 = select i1 %11, i32 %8, i32 0
  %13 = add nuw nsw i32 %12, %9
  %14 = add nuw i32 %8, 1
  %15 = icmp eq i32 %8, %0
  br i1 %15, label %4, label %7, !llvm.loop !5
}
*** IR Dump After JumpThreadingPass on sumeven ***
; Function Attrs: nofree norecurse nosync nounwind readnone uwtable
define dso_local i32 @sumeven(i32 noundef %0) local_unnamed_addr #0 {
  %2 = icmp slt i32 %0, 1
  br i1 %2, label %4, label %3

3:                                                ; preds = %1
  br label %6

4:                                                ; preds = %6, %1
  %5 = phi i32 [ 0, %1 ], [ %12, %6 ]
  ret i32 %5

6:                                                ; preds = %3, %6
  %7 = phi i32 [ %13, %6 ], [ 1, %3 ]
  %8 = phi i32 [ %12, %6 ], [ 0, %3 ]
  %9 = and i32 %7, 1
  %10 = icmp eq i32 %9, 0
  %11 = select i1 %10, i32 %7, i32 0
  %12 = add nuw nsw i32 %11, %8
  %13 = add nuw i32 %7, 1
  %14 = icmp eq i32 %7, %0
  br i1 %14, label %4, label %6, !llvm.loop !5
}
*** IR Dump After CorrelatedValuePropagationPass on sumeven ***
; Function Attrs: nofree norecurse nosync nounwind readnone uwtable
define dso_local i32 @sumeven(i32 noundef %0) local_unnamed_addr #0 {
  %2 = icmp slt i32 %0, 1
  br i1 %2, label %4, label %3

3:                                                ; preds = %1
  br label %6

4:                                                ; preds = %6, %1
  %5 = phi i32 [ 0, %1 ], [ %12, %6 ]
  ret i32 %5

6:                                                ; preds = %3, %6
  %7 = phi i32 [ %13, %6 ], [ 1, %3 ]
  %8 = phi i32 [ %12, %6 ], [ 0, %3 ]
  %9 = and i32 %7, 1
  %10 = icmp eq i32 %9, 0
  %11 = select i1 %10, i32 %7, i32 0
  %12 = add nuw nsw i32 %11, %8
  %13 = add nuw i32 %7, 1
  %14 = icmp eq i32 %7, %0
  br i1 %14, label %4, label %6, !llvm.loop !5
}
*** IR Dump After ADCEPass on sumeven ***
; Function Attrs: nofree norecurse nosync nounwind readnone uwtable
define dso_local i32 @sumeven(i32 noundef %0) local_unnamed_addr #0 {
  %2 = icmp slt i32 %0, 1
  br i1 %2, label %4, label %3

3:                                                ; preds = %1
  br label %6

4:                                                ; preds = %6, %1
  %5 = phi i32 [ 0, %1 ], [ %12, %6 ]
  ret i32 %5

6:                                                ; preds = %3, %6
  %7 = phi i32 [ %13, %6 ], [ 1, %3 ]
  %8 = phi i32 [ %12, %6 ], [ 0, %3 ]
  %9 = and i32 %7, 1
  %10 = icmp eq i32 %9, 0
  %11 = select i1 %10, i32 %7, i32 0
  %12 = add nuw nsw i32 %11, %8
  %13 = add nuw i32 %7, 1
  %14 = icmp eq i32 %7, %0
  br i1 %14, label %4, label %6, !llvm.loop !5
}
*** IR Dump After MemCpyOptPass on sumeven ***
; Function Attrs: nofree norecurse nosync nounwind readnone uwtable
define dso_local i32 @sumeven(i32 noundef %0) local_unnamed_addr #0 {
  %2 = icmp slt i32 %0, 1
  br i1 %2, label %4, label %3

3:                                                ; preds = %1
  br label %6

4:                                                ; preds = %6, %1
  %5 = phi i32 [ 0, %1 ], [ %12, %6 ]
  ret i32 %5

6:                                                ; preds = %3, %6
  %7 = phi i32 [ %13, %6 ], [ 1, %3 ]
  %8 = phi i32 [ %12, %6 ], [ 0, %3 ]
  %9 = and i32 %7, 1
  %10 = icmp eq i32 %9, 0
  %11 = select i1 %10, i32 %7, i32 0
  %12 = add nuw nsw i32 %11, %8
  %13 = add nuw i32 %7, 1
  %14 = icmp eq i32 %7, %0
  br i1 %14, label %4, label %6, !llvm.loop !5
}
*** IR Dump After DSEPass on sumeven ***
; Function Attrs: nofree norecurse nosync nounwind readnone uwtable
define dso_local i32 @sumeven(i32 noundef %0) local_unnamed_addr #0 {
  %2 = icmp slt i32 %0, 1
  br i1 %2, label %4, label %3

3:                                                ; preds = %1
  br label %6

4:                                                ; preds = %6, %1
  %5 = phi i32 [ 0, %1 ], [ %12, %6 ]
  ret i32 %5

6:                                                ; preds = %3, %6
  %7 = phi i32 [ %13, %6 ], [ 1, %3 ]
  %8 = phi i32 [ %12, %6 ], [ 0, %3 ]
  %9 = and i32 %7, 1
  %10 = icmp eq i32 %9, 0
  %11 = select i1 %10, i32 %7, i32 0
  %12 = add nuw nsw i32 %11, %8
  %13 = add nuw i32 %7, 1
  %14 = icmp eq i32 %7, %0
  br i1 %14, label %4, label %6, !llvm.loop !5
}
*** IR Dump After LoopSimplifyPass on sumeven ***
; Function Attrs: nofree norecurse nosync nounwind readnone uwtable
define dso_local i32 @sumeven(i32 noundef %0) local_unnamed_addr #0 {
  %2 = icmp slt i32 %0, 1
  br i1 %2, label %5, label %3

3:                                                ; preds = %1
  br label %7

4:                                                ; preds = %7
  br label %5

5:                                                ; preds = %4, %1
  %6 = phi i32 [ 0, %1 ], [ %13, %4 ]
  ret i32 %6

7:                                                ; preds = %3, %7
  %8 = phi i32 [ %14, %7 ], [ 1, %3 ]
  %9 = phi i32 [ %13, %7 ], [ 0, %3 ]
  %10 = and i32 %8, 1
  %11 = icmp eq i32 %10, 0
  %12 = select i1 %11, i32 %8, i32 0
  %13 = add nuw nsw i32 %12, %9
  %14 = add nuw i32 %8, 1
  %15 = icmp eq i32 %8, %0
  br i1 %15, label %4, label %7, !llvm.loop !5
}
*** IR Dump After LCSSAPass on sumeven ***
; Function Attrs: nofree norecurse nosync nounwind readnone uwtable
define dso_local i32 @sumeven(i32 noundef %0) local_unnamed_addr #0 {
  %2 = icmp slt i32 %0, 1
  br i1 %2, label %6, label %3

3:                                                ; preds = %1
  br label %8

4:                                                ; preds = %8
  %5 = phi i32 [ %14, %8 ]
  br label %6

6:                                                ; preds = %4, %1
  %7 = phi i32 [ 0, %1 ], [ %5, %4 ]
  ret i32 %7

8:                                                ; preds = %3, %8
  %9 = phi i32 [ %15, %8 ], [ 1, %3 ]
  %10 = phi i32 [ %14, %8 ], [ 0, %3 ]
  %11 = and i32 %9, 1
  %12 = icmp eq i32 %11, 0
  %13 = select i1 %12, i32 %9, i32 0
  %14 = add nuw nsw i32 %13, %10
  %15 = add nuw i32 %9, 1
  %16 = icmp eq i32 %9, %0
  br i1 %16, label %4, label %8, !llvm.loop !5
}
*** IR Dump After LICMPass on Parallel Loop at depth 1 containing: %8<header><latch><exiting> ***

; Preheader:
3:                                                ; preds = %1
  br label %8

; Loop:
8:                                                ; preds = %3, %8
  %9 = phi i32 [ %15, %8 ], [ 1, %3 ]
  %10 = phi i32 [ %14, %8 ], [ 0, %3 ]
  %11 = and i32 %9, 1
  %12 = icmp eq i32 %11, 0
  %13 = select i1 %12, i32 %9, i32 0
  %14 = add nuw nsw i32 %13, %10
  %15 = add nuw i32 %9, 1
  %16 = icmp eq i32 %9, %0
  br i1 %16, label %4, label %8, !llvm.loop !5

; Exit blocks
4:                                                ; preds = %8
  %5 = phi i32 [ %14, %8 ]
  br label %6
*** IR Dump After CoroElidePass on sumeven ***
; Function Attrs: nofree norecurse nosync nounwind readnone uwtable
define dso_local i32 @sumeven(i32 noundef %0) local_unnamed_addr #0 {
  %2 = icmp slt i32 %0, 1
  br i1 %2, label %6, label %3

3:                                                ; preds = %1
  br label %8

4:                                                ; preds = %8
  %5 = phi i32 [ %14, %8 ]
  br label %6

6:                                                ; preds = %4, %1
  %7 = phi i32 [ 0, %1 ], [ %5, %4 ]
  ret i32 %7

8:                                                ; preds = %3, %8
  %9 = phi i32 [ %15, %8 ], [ 1, %3 ]
  %10 = phi i32 [ %14, %8 ], [ 0, %3 ]
  %11 = and i32 %9, 1
  %12 = icmp eq i32 %11, 0
  %13 = select i1 %12, i32 %9, i32 0
  %14 = add nuw nsw i32 %13, %10
  %15 = add nuw i32 %9, 1
  %16 = icmp eq i32 %9, %0
  br i1 %16, label %4, label %8, !llvm.loop !5
}
*** IR Dump After SimplifyCFGPass on sumeven ***
; Function Attrs: nofree norecurse nosync nounwind readnone uwtable
define dso_local i32 @sumeven(i32 noundef %0) local_unnamed_addr #0 {
  %2 = icmp slt i32 %0, 1
  br i1 %2, label %3, label %5

3:                                                ; preds = %5, %1
  %4 = phi i32 [ 0, %1 ], [ %11, %5 ]
  ret i32 %4

5:                                                ; preds = %1, %5
  %6 = phi i32 [ %12, %5 ], [ 1, %1 ]
  %7 = phi i32 [ %11, %5 ], [ 0, %1 ]
  %8 = and i32 %6, 1
  %9 = icmp eq i32 %8, 0
  %10 = select i1 %9, i32 %6, i32 0
  %11 = add nuw nsw i32 %10, %7
  %12 = add nuw i32 %6, 1
  %13 = icmp eq i32 %6, %0
  br i1 %13, label %3, label %5, !llvm.loop !5
}
*** IR Dump After InstCombinePass on sumeven ***
; Function Attrs: nofree norecurse nosync nounwind readnone uwtable
define dso_local i32 @sumeven(i32 noundef %0) local_unnamed_addr #0 {
  %2 = icmp slt i32 %0, 1
  br i1 %2, label %3, label %5

3:                                                ; preds = %5, %1
  %4 = phi i32 [ 0, %1 ], [ %11, %5 ]
  ret i32 %4

5:                                                ; preds = %1, %5
  %6 = phi i32 [ %12, %5 ], [ 1, %1 ]
  %7 = phi i32 [ %11, %5 ], [ 0, %1 ]
  %8 = and i32 %6, 1
  %9 = icmp eq i32 %8, 0
  %10 = select i1 %9, i32 %6, i32 0
  %11 = add nuw nsw i32 %10, %7
  %12 = add nuw i32 %6, 1
  %13 = icmp eq i32 %6, %0
  br i1 %13, label %3, label %5, !llvm.loop !5
}
*** IR Dump After CoroSplitPass on (sumeven) ***
; Function Attrs: nofree norecurse nosync nounwind readnone uwtable
define dso_local i32 @sumeven(i32 noundef %0) local_unnamed_addr #0 {
  %2 = icmp slt i32 %0, 1
  br i1 %2, label %3, label %5

3:                                                ; preds = %5, %1
  %4 = phi i32 [ 0, %1 ], [ %11, %5 ]
  ret i32 %4

5:                                                ; preds = %1, %5
  %6 = phi i32 [ %12, %5 ], [ 1, %1 ]
  %7 = phi i32 [ %11, %5 ], [ 0, %1 ]
  %8 = and i32 %6, 1
  %9 = icmp eq i32 %8, 0
  %10 = select i1 %9, i32 %6, i32 0
  %11 = add nuw nsw i32 %10, %7
  %12 = add nuw i32 %6, 1
  %13 = icmp eq i32 %6, %0
  br i1 %13, label %3, label %5, !llvm.loop !5
}
*** IR Dump After InlinerPass on (main) ***
; Function Attrs: nounwind uwtable
define dso_local i32 @main() local_unnamed_addr #1 {
  ret i32 0
}
*** IR Dump After InlinerPass on (main) ***
; Function Attrs: nounwind uwtable
define dso_local i32 @main() local_unnamed_addr #1 {
  ret i32 0
}
*** IR Dump After PostOrderFunctionAttrsPass on (main) ***
; Function Attrs: mustprogress nofree norecurse nosync nounwind readnone uwtable willreturn
define dso_local i32 @main() local_unnamed_addr #1 {
  ret i32 0
}
*** IR Dump After OpenMPOptCGSCCPass on (main) ***
; Function Attrs: mustprogress nofree norecurse nosync nounwind readnone uwtable willreturn
define dso_local i32 @main() local_unnamed_addr #1 {
  ret i32 0
}
*** IR Dump After SROAPass on main ***
; Function Attrs: mustprogress nofree norecurse nosync nounwind readnone uwtable willreturn
define dso_local i32 @main() local_unnamed_addr #1 {
  ret i32 0
}
*** IR Dump After EarlyCSEPass on main ***
; Function Attrs: mustprogress nofree norecurse nosync nounwind readnone uwtable willreturn
define dso_local i32 @main() local_unnamed_addr #1 {
  ret i32 0
}
*** IR Dump After SpeculativeExecutionPass on main ***
; Function Attrs: mustprogress nofree norecurse nosync nounwind readnone uwtable willreturn
define dso_local i32 @main() local_unnamed_addr #1 {
  ret i32 0
}
*** IR Dump After JumpThreadingPass on main ***
; Function Attrs: mustprogress nofree norecurse nosync nounwind readnone uwtable willreturn
define dso_local i32 @main() local_unnamed_addr #1 {
  ret i32 0
}
*** IR Dump After CorrelatedValuePropagationPass on main ***
; Function Attrs: mustprogress nofree norecurse nosync nounwind readnone uwtable willreturn
define dso_local i32 @main() local_unnamed_addr #1 {
  ret i32 0
}
*** IR Dump After SimplifyCFGPass on main ***
; Function Attrs: mustprogress nofree norecurse nosync nounwind readnone uwtable willreturn
define dso_local i32 @main() local_unnamed_addr #1 {
  ret i32 0
}
*** IR Dump After InstCombinePass on main ***
; Function Attrs: mustprogress nofree norecurse nosync nounwind readnone uwtable willreturn
define dso_local i32 @main() local_unnamed_addr #1 {
  ret i32 0
}
*** IR Dump After LibCallsShrinkWrapPass on main ***
; Function Attrs: mustprogress nofree norecurse nosync nounwind readnone uwtable willreturn
define dso_local i32 @main() local_unnamed_addr #1 {
  ret i32 0
}
*** IR Dump After TailCallElimPass on main ***
; Function Attrs: mustprogress nofree norecurse nosync nounwind readnone uwtable willreturn
define dso_local i32 @main() local_unnamed_addr #1 {
  ret i32 0
}
*** IR Dump After SimplifyCFGPass on main ***
; Function Attrs: mustprogress nofree norecurse nosync nounwind readnone uwtable willreturn
define dso_local i32 @main() local_unnamed_addr #1 {
  ret i32 0
}
*** IR Dump After ReassociatePass on main ***
; Function Attrs: mustprogress nofree norecurse nosync nounwind readnone uwtable willreturn
define dso_local i32 @main() local_unnamed_addr #1 {
  ret i32 0
}
*** IR Dump After RequireAnalysisPass<llvm::OptimizationRemarkEmitterAnalysis, llvm::Function> on main ***
; Function Attrs: mustprogress nofree norecurse nosync nounwind readnone uwtable willreturn
define dso_local i32 @main() local_unnamed_addr #1 {
  ret i32 0
}
*** IR Dump After LoopSimplifyPass on main ***
; Function Attrs: mustprogress nofree norecurse nosync nounwind readnone uwtable willreturn
define dso_local i32 @main() local_unnamed_addr #1 {
  ret i32 0
}
*** IR Dump After LCSSAPass on main ***
; Function Attrs: mustprogress nofree norecurse nosync nounwind readnone uwtable willreturn
define dso_local i32 @main() local_unnamed_addr #1 {
  ret i32 0
}
*** IR Dump After SimplifyCFGPass on main ***
; Function Attrs: mustprogress nofree norecurse nosync nounwind readnone uwtable willreturn
define dso_local i32 @main() local_unnamed_addr #1 {
  ret i32 0
}
*** IR Dump After InstCombinePass on main ***
; Function Attrs: mustprogress nofree norecurse nosync nounwind readnone uwtable willreturn
define dso_local i32 @main() local_unnamed_addr #1 {
  ret i32 0
}
*** IR Dump After LoopSimplifyPass on main ***
; Function Attrs: mustprogress nofree norecurse nosync nounwind readnone uwtable willreturn
define dso_local i32 @main() local_unnamed_addr #1 {
  ret i32 0
}
*** IR Dump After LCSSAPass on main ***
; Function Attrs: mustprogress nofree norecurse nosync nounwind readnone uwtable willreturn
define dso_local i32 @main() local_unnamed_addr #1 {
  ret i32 0
}
*** IR Dump After SROAPass on main ***
; Function Attrs: mustprogress nofree norecurse nosync nounwind readnone uwtable willreturn
define dso_local i32 @main() local_unnamed_addr #1 {
  ret i32 0
}
*** IR Dump After MergedLoadStoreMotionPass on main ***
; Function Attrs: mustprogress nofree norecurse nosync nounwind readnone uwtable willreturn
define dso_local i32 @main() local_unnamed_addr #1 {
  ret i32 0
}
*** IR Dump After GVNPass on main ***
; Function Attrs: mustprogress nofree norecurse nosync nounwind readnone uwtable willreturn
define dso_local i32 @main() local_unnamed_addr #1 {
  ret i32 0
}
*** IR Dump After SCCPPass on main ***
; Function Attrs: mustprogress nofree norecurse nosync nounwind readnone uwtable willreturn
define dso_local i32 @main() local_unnamed_addr #1 {
  ret i32 0
}
*** IR Dump After BDCEPass on main ***
; Function Attrs: mustprogress nofree norecurse nosync nounwind readnone uwtable willreturn
define dso_local i32 @main() local_unnamed_addr #1 {
  ret i32 0
}
*** IR Dump After InstCombinePass on main ***
; Function Attrs: mustprogress nofree norecurse nosync nounwind readnone uwtable willreturn
define dso_local i32 @main() local_unnamed_addr #1 {
  ret i32 0
}
*** IR Dump After JumpThreadingPass on main ***
; Function Attrs: mustprogress nofree norecurse nosync nounwind readnone uwtable willreturn
define dso_local i32 @main() local_unnamed_addr #1 {
  ret i32 0
}
*** IR Dump After CorrelatedValuePropagationPass on main ***
; Function Attrs: mustprogress nofree norecurse nosync nounwind readnone uwtable willreturn
define dso_local i32 @main() local_unnamed_addr #1 {
  ret i32 0
}
*** IR Dump After ADCEPass on main ***
; Function Attrs: mustprogress nofree norecurse nosync nounwind readnone uwtable willreturn
define dso_local i32 @main() local_unnamed_addr #1 {
  ret i32 0
}
*** IR Dump After MemCpyOptPass on main ***
; Function Attrs: mustprogress nofree norecurse nosync nounwind readnone uwtable willreturn
define dso_local i32 @main() local_unnamed_addr #1 {
  ret i32 0
}
*** IR Dump After DSEPass on main ***
; Function Attrs: mustprogress nofree norecurse nosync nounwind readnone uwtable willreturn
define dso_local i32 @main() local_unnamed_addr #1 {
  ret i32 0
}
*** IR Dump After LoopSimplifyPass on main ***
; Function Attrs: mustprogress nofree norecurse nosync nounwind readnone uwtable willreturn
define dso_local i32 @main() local_unnamed_addr #1 {
  ret i32 0
}
*** IR Dump After LCSSAPass on main ***
; Function Attrs: mustprogress nofree norecurse nosync nounwind readnone uwtable willreturn
define dso_local i32 @main() local_unnamed_addr #1 {
  ret i32 0
}
*** IR Dump After CoroElidePass on main ***
; Function Attrs: mustprogress nofree norecurse nosync nounwind readnone uwtable willreturn
define dso_local i32 @main() local_unnamed_addr #1 {
  ret i32 0
}
*** IR Dump After SimplifyCFGPass on main ***
; Function Attrs: mustprogress nofree norecurse nosync nounwind readnone uwtable willreturn
define dso_local i32 @main() local_unnamed_addr #1 {
  ret i32 0
}
*** IR Dump After InstCombinePass on main ***
; Function Attrs: mustprogress nofree norecurse nosync nounwind readnone uwtable willreturn
define dso_local i32 @main() local_unnamed_addr #1 {
  ret i32 0
}
*** IR Dump After CoroSplitPass on (main) ***
; Function Attrs: mustprogress nofree norecurse nosync nounwind readnone uwtable willreturn
define dso_local i32 @main() local_unnamed_addr #1 {
  ret i32 0
}
*** IR Dump After GlobalOptPass on [module] ***
; ModuleID = 'sumeven.c'
source_filename = "sumeven.c"
target datalayout = "e-m:e-p270:32:32-p271:32:32-p272:64:64-i64:64-f80:128-n8:16:32:64-S128"
target triple = "x86_64-pc-linux-gnu"

; Function Attrs: nofree norecurse nosync nounwind readnone uwtable
define dso_local i32 @sumeven(i32 noundef %0) local_unnamed_addr #0 {
  %2 = icmp slt i32 %0, 1
  br i1 %2, label %3, label %5

3:                                                ; preds = %5, %1
  %4 = phi i32 [ 0, %1 ], [ %11, %5 ]
  ret i32 %4

5:                                                ; preds = %1, %5
  %6 = phi i32 [ %12, %5 ], [ 1, %1 ]
  %7 = phi i32 [ %11, %5 ], [ 0, %1 ]
  %8 = and i32 %6, 1
  %9 = icmp eq i32 %8, 0
  %10 = select i1 %9, i32 %6, i32 0
  %11 = add nuw nsw i32 %10, %7
  %12 = add nuw i32 %6, 1
  %13 = icmp eq i32 %6, %0
  br i1 %13, label %3, label %5, !llvm.loop !5
}

; Function Attrs: mustprogress nofree norecurse nosync nounwind readnone uwtable willreturn
define dso_local i32 @main() local_unnamed_addr #1 {
  ret i32 0
}

attributes #0 = { nofree norecurse nosync nounwind readnone uwtable "frame-pointer"="none" "min-legal-vector-width"="0" "no-trapping-math"="true" "stack-protector-buffer-size"="8" "target-cpu"="x86-64" "target-features"="+cx8,+fxsr,+mmx,+sse,+sse2,+x87" "tune-cpu"="generic" }
attributes #1 = { mustprogress nofree norecurse nosync nounwind readnone uwtable willreturn "frame-pointer"="none" "min-legal-vector-width"="0" "no-trapping-math"="true" "stack-protector-buffer-size"="8" "target-cpu"="x86-64" "target-features"="+cx8,+fxsr,+mmx,+sse,+sse2,+x87" "tune-cpu"="generic" }

!llvm.module.flags = !{!0, !1, !2, !3}
!llvm.ident = !{!4}

!0 = !{i32 1, !"wchar_size", i32 4}
!1 = !{i32 7, !"PIC Level", i32 2}
!2 = !{i32 7, !"PIE Level", i32 2}
!3 = !{i32 7, !"uwtable", i32 1}
!4 = !{!"Ubuntu clang version 14.0.0-1ubuntu1.1"}
!5 = distinct !{!5, !6}
!6 = !{!"llvm.loop.mustprogress"}
*** IR Dump After GlobalDCEPass on [module] ***
; ModuleID = 'sumeven.c'
source_filename = "sumeven.c"
target datalayout = "e-m:e-p270:32:32-p271:32:32-p272:64:64-i64:64-f80:128-n8:16:32:64-S128"
target triple = "x86_64-pc-linux-gnu"

; Function Attrs: nofree norecurse nosync nounwind readnone uwtable
define dso_local i32 @sumeven(i32 noundef %0) local_unnamed_addr #0 {
  %2 = icmp slt i32 %0, 1
  br i1 %2, label %3, label %5

3:                                                ; preds = %5, %1
  %4 = phi i32 [ 0, %1 ], [ %11, %5 ]
  ret i32 %4

5:                                                ; preds = %1, %5
  %6 = phi i32 [ %12, %5 ], [ 1, %1 ]
  %7 = phi i32 [ %11, %5 ], [ 0, %1 ]
  %8 = and i32 %6, 1
  %9 = icmp eq i32 %8, 0
  %10 = select i1 %9, i32 %6, i32 0
  %11 = add nuw nsw i32 %10, %7
  %12 = add nuw i32 %6, 1
  %13 = icmp eq i32 %6, %0
  br i1 %13, label %3, label %5, !llvm.loop !5
}

; Function Attrs: mustprogress nofree norecurse nosync nounwind readnone uwtable willreturn
define dso_local i32 @main() local_unnamed_addr #1 {
  ret i32 0
}

attributes #0 = { nofree norecurse nosync nounwind readnone uwtable "frame-pointer"="none" "min-legal-vector-width"="0" "no-trapping-math"="true" "stack-protector-buffer-size"="8" "target-cpu"="x86-64" "target-features"="+cx8,+fxsr,+mmx,+sse,+sse2,+x87" "tune-cpu"="generic" }
attributes #1 = { mustprogress nofree norecurse nosync nounwind readnone uwtable willreturn "frame-pointer"="none" "min-legal-vector-width"="0" "no-trapping-math"="true" "stack-protector-buffer-size"="8" "target-cpu"="x86-64" "target-features"="+cx8,+fxsr,+mmx,+sse,+sse2,+x87" "tune-cpu"="generic" }

!llvm.module.flags = !{!0, !1, !2, !3}
!llvm.ident = !{!4}

!0 = !{i32 1, !"wchar_size", i32 4}
!1 = !{i32 7, !"PIC Level", i32 2}
!2 = !{i32 7, !"PIE Level", i32 2}
!3 = !{i32 7, !"uwtable", i32 1}
!4 = !{!"Ubuntu clang version 14.0.0-1ubuntu1.1"}
!5 = distinct !{!5, !6}
!6 = !{!"llvm.loop.mustprogress"}
*** IR Dump After EliminateAvailableExternallyPass on [module] ***
; ModuleID = 'sumeven.c'
source_filename = "sumeven.c"
target datalayout = "e-m:e-p270:32:32-p271:32:32-p272:64:64-i64:64-f80:128-n8:16:32:64-S128"
target triple = "x86_64-pc-linux-gnu"

; Function Attrs: nofree norecurse nosync nounwind readnone uwtable
define dso_local i32 @sumeven(i32 noundef %0) local_unnamed_addr #0 {
  %2 = icmp slt i32 %0, 1
  br i1 %2, label %3, label %5

3:                                                ; preds = %5, %1
  %4 = phi i32 [ 0, %1 ], [ %11, %5 ]
  ret i32 %4

5:                                                ; preds = %1, %5
  %6 = phi i32 [ %12, %5 ], [ 1, %1 ]
  %7 = phi i32 [ %11, %5 ], [ 0, %1 ]
  %8 = and i32 %6, 1
  %9 = icmp eq i32 %8, 0
  %10 = select i1 %9, i32 %6, i32 0
  %11 = add nuw nsw i32 %10, %7
  %12 = add nuw i32 %6, 1
  %13 = icmp eq i32 %6, %0
  br i1 %13, label %3, label %5, !llvm.loop !5
}

; Function Attrs: mustprogress nofree norecurse nosync nounwind readnone uwtable willreturn
define dso_local i32 @main() local_unnamed_addr #1 {
  ret i32 0
}

attributes #0 = { nofree norecurse nosync nounwind readnone uwtable "frame-pointer"="none" "min-legal-vector-width"="0" "no-trapping-math"="true" "stack-protector-buffer-size"="8" "target-cpu"="x86-64" "target-features"="+cx8,+fxsr,+mmx,+sse,+sse2,+x87" "tune-cpu"="generic" }
attributes #1 = { mustprogress nofree norecurse nosync nounwind readnone uwtable willreturn "frame-pointer"="none" "min-legal-vector-width"="0" "no-trapping-math"="true" "stack-protector-buffer-size"="8" "target-cpu"="x86-64" "target-features"="+cx8,+fxsr,+mmx,+sse,+sse2,+x87" "tune-cpu"="generic" }

!llvm.module.flags = !{!0, !1, !2, !3}
!llvm.ident = !{!4}

!0 = !{i32 1, !"wchar_size", i32 4}
!1 = !{i32 7, !"PIC Level", i32 2}
!2 = !{i32 7, !"PIE Level", i32 2}
!3 = !{i32 7, !"uwtable", i32 1}
!4 = !{!"Ubuntu clang version 14.0.0-1ubuntu1.1"}
!5 = distinct !{!5, !6}
!6 = !{!"llvm.loop.mustprogress"}
*** IR Dump After ReversePostOrderFunctionAttrsPass on [module] ***
; ModuleID = 'sumeven.c'
source_filename = "sumeven.c"
target datalayout = "e-m:e-p270:32:32-p271:32:32-p272:64:64-i64:64-f80:128-n8:16:32:64-S128"
target triple = "x86_64-pc-linux-gnu"

; Function Attrs: nofree norecurse nosync nounwind readnone uwtable
define dso_local i32 @sumeven(i32 noundef %0) local_unnamed_addr #0 {
  %2 = icmp slt i32 %0, 1
  br i1 %2, label %3, label %5

3:                                                ; preds = %5, %1
  %4 = phi i32 [ 0, %1 ], [ %11, %5 ]
  ret i32 %4

5:                                                ; preds = %1, %5
  %6 = phi i32 [ %12, %5 ], [ 1, %1 ]
  %7 = phi i32 [ %11, %5 ], [ 0, %1 ]
  %8 = and i32 %6, 1
  %9 = icmp eq i32 %8, 0
  %10 = select i1 %9, i32 %6, i32 0
  %11 = add nuw nsw i32 %10, %7
  %12 = add nuw i32 %6, 1
  %13 = icmp eq i32 %6, %0
  br i1 %13, label %3, label %5, !llvm.loop !5
}

; Function Attrs: mustprogress nofree norecurse nosync nounwind readnone uwtable willreturn
define dso_local i32 @main() local_unnamed_addr #1 {
  ret i32 0
}

attributes #0 = { nofree norecurse nosync nounwind readnone uwtable "frame-pointer"="none" "min-legal-vector-width"="0" "no-trapping-math"="true" "stack-protector-buffer-size"="8" "target-cpu"="x86-64" "target-features"="+cx8,+fxsr,+mmx,+sse,+sse2,+x87" "tune-cpu"="generic" }
attributes #1 = { mustprogress nofree norecurse nosync nounwind readnone uwtable willreturn "frame-pointer"="none" "min-legal-vector-width"="0" "no-trapping-math"="true" "stack-protector-buffer-size"="8" "target-cpu"="x86-64" "target-features"="+cx8,+fxsr,+mmx,+sse,+sse2,+x87" "tune-cpu"="generic" }

!llvm.module.flags = !{!0, !1, !2, !3}
!llvm.ident = !{!4}

!0 = !{i32 1, !"wchar_size", i32 4}
!1 = !{i32 7, !"PIC Level", i32 2}
!2 = !{i32 7, !"PIE Level", i32 2}
!3 = !{i32 7, !"uwtable", i32 1}
!4 = !{!"Ubuntu clang version 14.0.0-1ubuntu1.1"}
!5 = distinct !{!5, !6}
!6 = !{!"llvm.loop.mustprogress"}
*** IR Dump After RequireAnalysisPass<llvm::GlobalsAA, llvm::Module> on [module] ***
; ModuleID = 'sumeven.c'
source_filename = "sumeven.c"
target datalayout = "e-m:e-p270:32:32-p271:32:32-p272:64:64-i64:64-f80:128-n8:16:32:64-S128"
target triple = "x86_64-pc-linux-gnu"

; Function Attrs: nofree norecurse nosync nounwind readnone uwtable
define dso_local i32 @sumeven(i32 noundef %0) local_unnamed_addr #0 {
  %2 = icmp slt i32 %0, 1
  br i1 %2, label %3, label %5

3:                                                ; preds = %5, %1
  %4 = phi i32 [ 0, %1 ], [ %11, %5 ]
  ret i32 %4

5:                                                ; preds = %1, %5
  %6 = phi i32 [ %12, %5 ], [ 1, %1 ]
  %7 = phi i32 [ %11, %5 ], [ 0, %1 ]
  %8 = and i32 %6, 1
  %9 = icmp eq i32 %8, 0
  %10 = select i1 %9, i32 %6, i32 0
  %11 = add nuw nsw i32 %10, %7
  %12 = add nuw i32 %6, 1
  %13 = icmp eq i32 %6, %0
  br i1 %13, label %3, label %5, !llvm.loop !5
}

; Function Attrs: mustprogress nofree norecurse nosync nounwind readnone uwtable willreturn
define dso_local i32 @main() local_unnamed_addr #1 {
  ret i32 0
}

attributes #0 = { nofree norecurse nosync nounwind readnone uwtable "frame-pointer"="none" "min-legal-vector-width"="0" "no-trapping-math"="true" "stack-protector-buffer-size"="8" "target-cpu"="x86-64" "target-features"="+cx8,+fxsr,+mmx,+sse,+sse2,+x87" "tune-cpu"="generic" }
attributes #1 = { mustprogress nofree norecurse nosync nounwind readnone uwtable willreturn "frame-pointer"="none" "min-legal-vector-width"="0" "no-trapping-math"="true" "stack-protector-buffer-size"="8" "target-cpu"="x86-64" "target-features"="+cx8,+fxsr,+mmx,+sse,+sse2,+x87" "tune-cpu"="generic" }

!llvm.module.flags = !{!0, !1, !2, !3}
!llvm.ident = !{!4}

!0 = !{i32 1, !"wchar_size", i32 4}
!1 = !{i32 7, !"PIC Level", i32 2}
!2 = !{i32 7, !"PIE Level", i32 2}
!3 = !{i32 7, !"uwtable", i32 1}
!4 = !{!"Ubuntu clang version 14.0.0-1ubuntu1.1"}
!5 = distinct !{!5, !6}
!6 = !{!"llvm.loop.mustprogress"}
*** IR Dump After Float2IntPass on sumeven ***
; Function Attrs: nofree norecurse nosync nounwind readnone uwtable
define dso_local i32 @sumeven(i32 noundef %0) local_unnamed_addr #0 {
  %2 = icmp slt i32 %0, 1
  br i1 %2, label %3, label %5

3:                                                ; preds = %5, %1
  %4 = phi i32 [ 0, %1 ], [ %11, %5 ]
  ret i32 %4

5:                                                ; preds = %1, %5
  %6 = phi i32 [ %12, %5 ], [ 1, %1 ]
  %7 = phi i32 [ %11, %5 ], [ 0, %1 ]
  %8 = and i32 %6, 1
  %9 = icmp eq i32 %8, 0
  %10 = select i1 %9, i32 %6, i32 0
  %11 = add nuw nsw i32 %10, %7
  %12 = add nuw i32 %6, 1
  %13 = icmp eq i32 %6, %0
  br i1 %13, label %3, label %5, !llvm.loop !5
}
*** IR Dump After LowerConstantIntrinsicsPass on sumeven ***
; Function Attrs: nofree norecurse nosync nounwind readnone uwtable
define dso_local i32 @sumeven(i32 noundef %0) local_unnamed_addr #0 {
  %2 = icmp slt i32 %0, 1
  br i1 %2, label %3, label %5

3:                                                ; preds = %5, %1
  %4 = phi i32 [ 0, %1 ], [ %11, %5 ]
  ret i32 %4

5:                                                ; preds = %1, %5
  %6 = phi i32 [ %12, %5 ], [ 1, %1 ]
  %7 = phi i32 [ %11, %5 ], [ 0, %1 ]
  %8 = and i32 %6, 1
  %9 = icmp eq i32 %8, 0
  %10 = select i1 %9, i32 %6, i32 0
  %11 = add nuw nsw i32 %10, %7
  %12 = add nuw i32 %6, 1
  %13 = icmp eq i32 %6, %0
  br i1 %13, label %3, label %5, !llvm.loop !5
}
*** IR Dump After LoopSimplifyPass on sumeven ***
; Function Attrs: nofree norecurse nosync nounwind readnone uwtable
define dso_local i32 @sumeven(i32 noundef %0) local_unnamed_addr #0 {
  %2 = icmp slt i32 %0, 1
  br i1 %2, label %5, label %3

3:                                                ; preds = %1
  br label %7

4:                                                ; preds = %7
  br label %5

5:                                                ; preds = %4, %1
  %6 = phi i32 [ 0, %1 ], [ %13, %4 ]
  ret i32 %6

7:                                                ; preds = %3, %7
  %8 = phi i32 [ %14, %7 ], [ 1, %3 ]
  %9 = phi i32 [ %13, %7 ], [ 0, %3 ]
  %10 = and i32 %8, 1
  %11 = icmp eq i32 %10, 0
  %12 = select i1 %11, i32 %8, i32 0
  %13 = add nuw nsw i32 %12, %9
  %14 = add nuw i32 %8, 1
  %15 = icmp eq i32 %8, %0
  br i1 %15, label %4, label %7, !llvm.loop !5
}
*** IR Dump After LCSSAPass on sumeven ***
; Function Attrs: nofree norecurse nosync nounwind readnone uwtable
define dso_local i32 @sumeven(i32 noundef %0) local_unnamed_addr #0 {
  %2 = icmp slt i32 %0, 1
  br i1 %2, label %6, label %3

3:                                                ; preds = %1
  br label %8

4:                                                ; preds = %8
  %5 = phi i32 [ %14, %8 ]
  br label %6

6:                                                ; preds = %4, %1
  %7 = phi i32 [ 0, %1 ], [ %5, %4 ]
  ret i32 %7

8:                                                ; preds = %3, %8
  %9 = phi i32 [ %15, %8 ], [ 1, %3 ]
  %10 = phi i32 [ %14, %8 ], [ 0, %3 ]
  %11 = and i32 %9, 1
  %12 = icmp eq i32 %11, 0
  %13 = select i1 %12, i32 %9, i32 0
  %14 = add nuw nsw i32 %13, %10
  %15 = add nuw i32 %9, 1
  %16 = icmp eq i32 %9, %0
  br i1 %16, label %4, label %8, !llvm.loop !5
}
*** IR Dump After LoopRotatePass on Parallel Loop at depth 1 containing: %8<header><latch><exiting> ***

; Preheader:
3:                                                ; preds = %1
  br label %8

; Loop:
8:                                                ; preds = %3, %8
  %9 = phi i32 [ %15, %8 ], [ 1, %3 ]
  %10 = phi i32 [ %14, %8 ], [ 0, %3 ]
  %11 = and i32 %9, 1
  %12 = icmp eq i32 %11, 0
  %13 = select i1 %12, i32 %9, i32 0
  %14 = add nuw nsw i32 %13, %10
  %15 = add nuw i32 %9, 1
  %16 = icmp eq i32 %9, %0
  br i1 %16, label %4, label %8, !llvm.loop !5

; Exit blocks
4:                                                ; preds = %8
  %5 = phi i32 [ %14, %8 ]
  br label %6
*** IR Dump After LoopDeletionPass on Parallel Loop at depth 1 containing: %8<header><latch><exiting> ***

; Preheader:
3:                                                ; preds = %1
  br label %8

; Loop:
8:                                                ; preds = %3, %8
  %9 = phi i32 [ %15, %8 ], [ 1, %3 ]
  %10 = phi i32 [ %14, %8 ], [ 0, %3 ]
  %11 = and i32 %9, 1
  %12 = icmp eq i32 %11, 0
  %13 = select i1 %12, i32 %9, i32 0
  %14 = add nuw nsw i32 %13, %10
  %15 = add nuw i32 %9, 1
  %16 = icmp eq i32 %9, %0
  br i1 %16, label %4, label %8, !llvm.loop !5

; Exit blocks
4:                                                ; preds = %8
  %5 = phi i32 [ %14, %8 ]
  br label %6
*** IR Dump After LoopDistributePass on sumeven ***
; Function Attrs: nofree norecurse nosync nounwind readnone uwtable
define dso_local i32 @sumeven(i32 noundef %0) local_unnamed_addr #0 {
  %2 = icmp slt i32 %0, 1
  br i1 %2, label %6, label %3

3:                                                ; preds = %1
  br label %8

4:                                                ; preds = %8
  %5 = phi i32 [ %14, %8 ]
  br label %6

6:                                                ; preds = %4, %1
  %7 = phi i32 [ 0, %1 ], [ %5, %4 ]
  ret i32 %7

8:                                                ; preds = %3, %8
  %9 = phi i32 [ %15, %8 ], [ 1, %3 ]
  %10 = phi i32 [ %14, %8 ], [ 0, %3 ]
  %11 = and i32 %9, 1
  %12 = icmp eq i32 %11, 0
  %13 = select i1 %12, i32 %9, i32 0
  %14 = add nuw nsw i32 %13, %10
  %15 = add nuw i32 %9, 1
  %16 = icmp eq i32 %9, %0
  br i1 %16, label %4, label %8, !llvm.loop !5
}
*** IR Dump After InjectTLIMappings on sumeven ***
; Function Attrs: nofree norecurse nosync nounwind readnone uwtable
define dso_local i32 @sumeven(i32 noundef %0) local_unnamed_addr #0 {
  %2 = icmp slt i32 %0, 1
  br i1 %2, label %6, label %3

3:                                                ; preds = %1
  br label %8

4:                                                ; preds = %8
  %5 = phi i32 [ %14, %8 ]
  br label %6

6:                                                ; preds = %4, %1
  %7 = phi i32 [ 0, %1 ], [ %5, %4 ]
  ret i32 %7

8:                                                ; preds = %3, %8
  %9 = phi i32 [ %15, %8 ], [ 1, %3 ]
  %10 = phi i32 [ %14, %8 ], [ 0, %3 ]
  %11 = and i32 %9, 1
  %12 = icmp eq i32 %11, 0
  %13 = select i1 %12, i32 %9, i32 0
  %14 = add nuw nsw i32 %13, %10
  %15 = add nuw i32 %9, 1
  %16 = icmp eq i32 %9, %0
  br i1 %16, label %4, label %8, !llvm.loop !5
}
*** IR Dump After LoopVectorizePass on sumeven ***
; Function Attrs: nofree norecurse nosync nounwind readnone uwtable
define dso_local i32 @sumeven(i32 noundef %0) local_unnamed_addr #0 {
  %2 = icmp slt i32 %0, 1
  br i1 %2, label %44, label %3

3:                                                ; preds = %1
  %4 = icmp ult i32 %0, 8
  br i1 %4, label %39, label %5

5:                                                ; preds = %3
  %6 = urem i32 %0, 8
  %7 = sub i32 %0, %6
  %8 = add i32 1, %7
  br label %9

9:                                                ; preds = %9, %5
  %10 = phi i32 [ 0, %5 ], [ %32, %9 ]
  %11 = phi <4 x i32> [ <i32 1, i32 2, i32 3, i32 4>, %5 ], [ %33, %9 ]
  %12 = phi <4 x i32> [ zeroinitializer, %5 ], [ %30, %9 ]
  %13 = phi <4 x i32> [ zeroinitializer, %5 ], [ %31, %9 ]
  %14 = add <4 x i32> %11, <i32 4, i32 4, i32 4, i32 4>
  %15 = add i32 1, %10
  %16 = add i32 %15, 0
  %17 = add i32 %15, 1
  %18 = add i32 %15, 2
  %19 = add i32 %15, 3
  %20 = add i32 %15, 4
  %21 = add i32 %15, 5
  %22 = add i32 %15, 6
  %23 = add i32 %15, 7
  %24 = and <4 x i32> %11, <i32 1, i32 1, i32 1, i32 1>
  %25 = and <4 x i32> %14, <i32 1, i32 1, i32 1, i32 1>
  %26 = icmp eq <4 x i32> %24, zeroinitializer
  %27 = icmp eq <4 x i32> %25, zeroinitializer
  %28 = select <4 x i1> %26, <4 x i32> %11, <4 x i32> zeroinitializer
  %29 = select <4 x i1> %27, <4 x i32> %14, <4 x i32> zeroinitializer
  %30 = add <4 x i32> %28, %12
  %31 = add <4 x i32> %29, %13
  %32 = add nuw i32 %10, 8
  %33 = add <4 x i32> %14, <i32 4, i32 4, i32 4, i32 4>
  %34 = icmp eq i32 %32, %7
  br i1 %34, label %35, label %9, !llvm.loop !5

35:                                               ; preds = %9
  %36 = add <4 x i32> %31, %30
  %37 = call i32 @llvm.vector.reduce.add.v4i32(<4 x i32> %36)
  %38 = icmp eq i32 %0, %7
  br i1 %38, label %42, label %39

39:                                               ; preds = %3, %35
  %40 = phi i32 [ %8, %35 ], [ 1, %3 ]
  %41 = phi i32 [ 0, %3 ], [ %37, %35 ]
  br label %46

42:                                               ; preds = %35, %46
  %43 = phi i32 [ %52, %46 ], [ %37, %35 ]
  br label %44

44:                                               ; preds = %42, %1
  %45 = phi i32 [ 0, %1 ], [ %43, %42 ]
  ret i32 %45

46:                                               ; preds = %39, %46
  %47 = phi i32 [ %53, %46 ], [ %40, %39 ]
  %48 = phi i32 [ %52, %46 ], [ %41, %39 ]
  %49 = and i32 %47, 1
  %50 = icmp eq i32 %49, 0
  %51 = select i1 %50, i32 %47, i32 0
  %52 = add nuw nsw i32 %51, %48
  %53 = add nuw i32 %47, 1
  %54 = icmp eq i32 %47, %0
  br i1 %54, label %42, label %46, !llvm.loop !8
}
*** IR Dump After LoopLoadEliminationPass on sumeven ***
; Function Attrs: nofree norecurse nosync nounwind readnone uwtable
define dso_local i32 @sumeven(i32 noundef %0) local_unnamed_addr #0 {
  %2 = icmp slt i32 %0, 1
  br i1 %2, label %45, label %3

3:                                                ; preds = %1
  %4 = icmp ult i32 %0, 8
  br i1 %4, label %39, label %5

5:                                                ; preds = %3
  %6 = urem i32 %0, 8
  %7 = sub i32 %0, %6
  %8 = add i32 1, %7
  br label %9

9:                                                ; preds = %9, %5
  %10 = phi i32 [ 0, %5 ], [ %32, %9 ]
  %11 = phi <4 x i32> [ <i32 1, i32 2, i32 3, i32 4>, %5 ], [ %33, %9 ]
  %12 = phi <4 x i32> [ zeroinitializer, %5 ], [ %30, %9 ]
  %13 = phi <4 x i32> [ zeroinitializer, %5 ], [ %31, %9 ]
  %14 = add <4 x i32> %11, <i32 4, i32 4, i32 4, i32 4>
  %15 = add i32 1, %10
  %16 = add i32 %15, 0
  %17 = add i32 %15, 1
  %18 = add i32 %15, 2
  %19 = add i32 %15, 3
  %20 = add i32 %15, 4
  %21 = add i32 %15, 5
  %22 = add i32 %15, 6
  %23 = add i32 %15, 7
  %24 = and <4 x i32> %11, <i32 1, i32 1, i32 1, i32 1>
  %25 = and <4 x i32> %14, <i32 1, i32 1, i32 1, i32 1>
  %26 = icmp eq <4 x i32> %24, zeroinitializer
  %27 = icmp eq <4 x i32> %25, zeroinitializer
  %28 = select <4 x i1> %26, <4 x i32> %11, <4 x i32> zeroinitializer
  %29 = select <4 x i1> %27, <4 x i32> %14, <4 x i32> zeroinitializer
  %30 = add <4 x i32> %28, %12
  %31 = add <4 x i32> %29, %13
  %32 = add nuw i32 %10, 8
  %33 = add <4 x i32> %14, <i32 4, i32 4, i32 4, i32 4>
  %34 = icmp eq i32 %32, %7
  br i1 %34, label %35, label %9, !llvm.loop !5

35:                                               ; preds = %9
  %36 = add <4 x i32> %31, %30
  %37 = call i32 @llvm.vector.reduce.add.v4i32(<4 x i32> %36)
  %38 = icmp eq i32 %0, %7
  br i1 %38, label %43, label %39

39:                                               ; preds = %3, %35
  %40 = phi i32 [ %8, %35 ], [ 1, %3 ]
  %41 = phi i32 [ 0, %3 ], [ %37, %35 ]
  br label %47

42:                                               ; preds = %47
  br label %43

43:                                               ; preds = %42, %35
  %44 = phi i32 [ %37, %35 ], [ %53, %42 ]
  br label %45

45:                                               ; preds = %43, %1
  %46 = phi i32 [ 0, %1 ], [ %44, %43 ]
  ret i32 %46

47:                                               ; preds = %39, %47
  %48 = phi i32 [ %54, %47 ], [ %40, %39 ]
  %49 = phi i32 [ %53, %47 ], [ %41, %39 ]
  %50 = and i32 %48, 1
  %51 = icmp eq i32 %50, 0
  %52 = select i1 %51, i32 %48, i32 0
  %53 = add nuw nsw i32 %52, %49
  %54 = add nuw i32 %48, 1
  %55 = icmp eq i32 %48, %0
  br i1 %55, label %42, label %47, !llvm.loop !8
}
*** IR Dump After InstCombinePass on sumeven ***
; Function Attrs: nofree norecurse nosync nounwind readnone uwtable
define dso_local i32 @sumeven(i32 noundef %0) local_unnamed_addr #0 {
  %2 = icmp slt i32 %0, 1
  br i1 %2, label %35, label %3

3:                                                ; preds = %1
  %4 = icmp ult i32 %0, 8
  br i1 %4, label %29, label %5

5:                                                ; preds = %3
  %6 = and i32 %0, -8
  %7 = or i32 %6, 1
  br label %8

8:                                                ; preds = %8, %5
  %9 = phi i32 [ 0, %5 ], [ %22, %8 ]
  %10 = phi <4 x i32> [ <i32 1, i32 2, i32 3, i32 4>, %5 ], [ %23, %8 ]
  %11 = phi <4 x i32> [ zeroinitializer, %5 ], [ %20, %8 ]
  %12 = phi <4 x i32> [ zeroinitializer, %5 ], [ %21, %8 ]
  %13 = add <4 x i32> %10, <i32 4, i32 4, i32 4, i32 4>
  %14 = and <4 x i32> %10, <i32 1, i32 1, i32 1, i32 1>
  %15 = and <4 x i32> %10, <i32 1, i32 1, i32 1, i32 1>
  %16 = icmp eq <4 x i32> %14, zeroinitializer
  %17 = icmp eq <4 x i32> %15, zeroinitializer
  %18 = select <4 x i1> %16, <4 x i32> %10, <4 x i32> zeroinitializer
  %19 = select <4 x i1> %17, <4 x i32> %13, <4 x i32> zeroinitializer
  %20 = add <4 x i32> %18, %11
  %21 = add <4 x i32> %19, %12
  %22 = add nuw i32 %9, 8
  %23 = add <4 x i32> %10, <i32 8, i32 8, i32 8, i32 8>
  %24 = icmp eq i32 %22, %6
  br i1 %24, label %25, label %8, !llvm.loop !5

25:                                               ; preds = %8
  %26 = add <4 x i32> %21, %20
  %27 = call i32 @llvm.vector.reduce.add.v4i32(<4 x i32> %26)
  %28 = icmp eq i32 %6, %0
  br i1 %28, label %33, label %29

29:                                               ; preds = %3, %25
  %30 = phi i32 [ %7, %25 ], [ 1, %3 ]
  %31 = phi i32 [ %27, %25 ], [ 0, %3 ]
  br label %37

32:                                               ; preds = %37
  br label %33

33:                                               ; preds = %32, %25
  %34 = phi i32 [ %27, %25 ], [ %43, %32 ]
  br label %35

35:                                               ; preds = %33, %1
  %36 = phi i32 [ 0, %1 ], [ %34, %33 ]
  ret i32 %36

37:                                               ; preds = %29, %37
  %38 = phi i32 [ %44, %37 ], [ %30, %29 ]
  %39 = phi i32 [ %43, %37 ], [ %31, %29 ]
  %40 = and i32 %38, 1
  %41 = icmp eq i32 %40, 0
  %42 = select i1 %41, i32 %38, i32 0
  %43 = add nuw nsw i32 %42, %39
  %44 = add nuw i32 %38, 1
  %45 = icmp eq i32 %38, %0
  br i1 %45, label %32, label %37, !llvm.loop !8
}
*** IR Dump After SimplifyCFGPass on sumeven ***
; Function Attrs: nofree norecurse nosync nounwind readnone uwtable
define dso_local i32 @sumeven(i32 noundef %0) local_unnamed_addr #0 {
  %2 = icmp slt i32 %0, 1
  br i1 %2, label %29, label %3

3:                                                ; preds = %1
  %4 = icmp ult i32 %0, 8
  br i1 %4, label %31, label %5

5:                                                ; preds = %3
  %6 = and i32 %0, -8
  %7 = or i32 %6, 1
  br label %8

8:                                                ; preds = %8, %5
  %9 = phi i32 [ 0, %5 ], [ %22, %8 ]
  %10 = phi <4 x i32> [ <i32 1, i32 2, i32 3, i32 4>, %5 ], [ %23, %8 ]
  %11 = phi <4 x i32> [ zeroinitializer, %5 ], [ %20, %8 ]
  %12 = phi <4 x i32> [ zeroinitializer, %5 ], [ %21, %8 ]
  %13 = add <4 x i32> %10, <i32 4, i32 4, i32 4, i32 4>
  %14 = and <4 x i32> %10, <i32 1, i32 1, i32 1, i32 1>
  %15 = and <4 x i32> %10, <i32 1, i32 1, i32 1, i32 1>
  %16 = icmp eq <4 x i32> %14, zeroinitializer
  %17 = icmp eq <4 x i32> %15, zeroinitializer
  %18 = select <4 x i1> %16, <4 x i32> %10, <4 x i32> zeroinitializer
  %19 = select <4 x i1> %17, <4 x i32> %13, <4 x i32> zeroinitializer
  %20 = add <4 x i32> %18, %11
  %21 = add <4 x i32> %19, %12
  %22 = add nuw i32 %9, 8
  %23 = add <4 x i32> %10, <i32 8, i32 8, i32 8, i32 8>
  %24 = icmp eq i32 %22, %6
  br i1 %24, label %25, label %8, !llvm.loop !5

25:                                               ; preds = %8
  %26 = add <4 x i32> %21, %20
  %27 = call i32 @llvm.vector.reduce.add.v4i32(<4 x i32> %26)
  %28 = icmp eq i32 %6, %0
  br i1 %28, label %29, label %31

29:                                               ; preds = %25, %31, %1
  %30 = phi i32 [ 0, %1 ], [ %27, %25 ], [ %37, %31 ]
  ret i32 %30

31:                                               ; preds = %25, %3, %31
  %32 = phi i32 [ %38, %31 ], [ %7, %25 ], [ 1, %3 ]
  %33 = phi i32 [ %37, %31 ], [ %27, %25 ], [ 0, %3 ]
  %34 = and i32 %32, 1
  %35 = icmp eq i32 %34, 0
  %36 = select i1 %35, i32 %32, i32 0
  %37 = add nuw nsw i32 %36, %33
  %38 = add nuw i32 %32, 1
  %39 = icmp eq i32 %32, %0
  br i1 %39, label %29, label %31, !llvm.loop !8
}
*** IR Dump After SLPVectorizerPass on sumeven ***
; Function Attrs: nofree norecurse nosync nounwind readnone uwtable
define dso_local i32 @sumeven(i32 noundef %0) local_unnamed_addr #0 {
  %2 = icmp slt i32 %0, 1
  br i1 %2, label %29, label %3

3:                                                ; preds = %1
  %4 = icmp ult i32 %0, 8
  br i1 %4, label %31, label %5

5:                                                ; preds = %3
  %6 = and i32 %0, -8
  %7 = or i32 %6, 1
  br label %8

8:                                                ; preds = %8, %5
  %9 = phi i32 [ 0, %5 ], [ %22, %8 ]
  %10 = phi <4 x i32> [ <i32 1, i32 2, i32 3, i32 4>, %5 ], [ %23, %8 ]
  %11 = phi <4 x i32> [ zeroinitializer, %5 ], [ %20, %8 ]
  %12 = phi <4 x i32> [ zeroinitializer, %5 ], [ %21, %8 ]
  %13 = add <4 x i32> %10, <i32 4, i32 4, i32 4, i32 4>
  %14 = and <4 x i32> %10, <i32 1, i32 1, i32 1, i32 1>
  %15 = and <4 x i32> %10, <i32 1, i32 1, i32 1, i32 1>
  %16 = icmp eq <4 x i32> %14, zeroinitializer
  %17 = icmp eq <4 x i32> %15, zeroinitializer
  %18 = select <4 x i1> %16, <4 x i32> %10, <4 x i32> zeroinitializer
  %19 = select <4 x i1> %17, <4 x i32> %13, <4 x i32> zeroinitializer
  %20 = add <4 x i32> %18, %11
  %21 = add <4 x i32> %19, %12
  %22 = add nuw i32 %9, 8
  %23 = add <4 x i32> %10, <i32 8, i32 8, i32 8, i32 8>
  %24 = icmp eq i32 %22, %6
  br i1 %24, label %25, label %8, !llvm.loop !5

25:                                               ; preds = %8
  %26 = add <4 x i32> %21, %20
  %27 = call i32 @llvm.vector.reduce.add.v4i32(<4 x i32> %26)
  %28 = icmp eq i32 %6, %0
  br i1 %28, label %29, label %31

29:                                               ; preds = %25, %31, %1
  %30 = phi i32 [ 0, %1 ], [ %27, %25 ], [ %37, %31 ]
  ret i32 %30

31:                                               ; preds = %25, %3, %31
  %32 = phi i32 [ %38, %31 ], [ %7, %25 ], [ 1, %3 ]
  %33 = phi i32 [ %37, %31 ], [ %27, %25 ], [ 0, %3 ]
  %34 = and i32 %32, 1
  %35 = icmp eq i32 %34, 0
  %36 = select i1 %35, i32 %32, i32 0
  %37 = add nuw nsw i32 %36, %33
  %38 = add nuw i32 %32, 1
  %39 = icmp eq i32 %32, %0
  br i1 %39, label %29, label %31, !llvm.loop !8
}
*** IR Dump After VectorCombinePass on sumeven ***
; Function Attrs: nofree norecurse nosync nounwind readnone uwtable
define dso_local i32 @sumeven(i32 noundef %0) local_unnamed_addr #0 {
  %2 = icmp slt i32 %0, 1
  br i1 %2, label %29, label %3

3:                                                ; preds = %1
  %4 = icmp ult i32 %0, 8
  br i1 %4, label %31, label %5

5:                                                ; preds = %3
  %6 = and i32 %0, -8
  %7 = or i32 %6, 1
  br label %8

8:                                                ; preds = %8, %5
  %9 = phi i32 [ 0, %5 ], [ %22, %8 ]
  %10 = phi <4 x i32> [ <i32 1, i32 2, i32 3, i32 4>, %5 ], [ %23, %8 ]
  %11 = phi <4 x i32> [ zeroinitializer, %5 ], [ %20, %8 ]
  %12 = phi <4 x i32> [ zeroinitializer, %5 ], [ %21, %8 ]
  %13 = add <4 x i32> %10, <i32 4, i32 4, i32 4, i32 4>
  %14 = and <4 x i32> %10, <i32 1, i32 1, i32 1, i32 1>
  %15 = and <4 x i32> %10, <i32 1, i32 1, i32 1, i32 1>
  %16 = icmp eq <4 x i32> %14, zeroinitializer
  %17 = icmp eq <4 x i32> %15, zeroinitializer
  %18 = select <4 x i1> %16, <4 x i32> %10, <4 x i32> zeroinitializer
  %19 = select <4 x i1> %17, <4 x i32> %13, <4 x i32> zeroinitializer
  %20 = add <4 x i32> %18, %11
  %21 = add <4 x i32> %19, %12
  %22 = add nuw i32 %9, 8
  %23 = add <4 x i32> %10, <i32 8, i32 8, i32 8, i32 8>
  %24 = icmp eq i32 %22, %6
  br i1 %24, label %25, label %8, !llvm.loop !5

25:                                               ; preds = %8
  %26 = add <4 x i32> %21, %20
  %27 = call i32 @llvm.vector.reduce.add.v4i32(<4 x i32> %26)
  %28 = icmp eq i32 %6, %0
  br i1 %28, label %29, label %31

29:                                               ; preds = %25, %31, %1
  %30 = phi i32 [ 0, %1 ], [ %27, %25 ], [ %37, %31 ]
  ret i32 %30

31:                                               ; preds = %25, %3, %31
  %32 = phi i32 [ %38, %31 ], [ %7, %25 ], [ 1, %3 ]
  %33 = phi i32 [ %37, %31 ], [ %27, %25 ], [ 0, %3 ]
  %34 = and i32 %32, 1
  %35 = icmp eq i32 %34, 0
  %36 = select i1 %35, i32 %32, i32 0
  %37 = add nuw nsw i32 %36, %33
  %38 = add nuw i32 %32, 1
  %39 = icmp eq i32 %32, %0
  br i1 %39, label %29, label %31, !llvm.loop !8
}
*** IR Dump After InstCombinePass on sumeven ***
; Function Attrs: nofree norecurse nosync nounwind readnone uwtable
define dso_local i32 @sumeven(i32 noundef %0) local_unnamed_addr #0 {
  %2 = icmp slt i32 %0, 1
  br i1 %2, label %29, label %3

3:                                                ; preds = %1
  %4 = icmp ult i32 %0, 8
  br i1 %4, label %31, label %5

5:                                                ; preds = %3
  %6 = and i32 %0, -8
  %7 = or i32 %6, 1
  br label %8

8:                                                ; preds = %8, %5
  %9 = phi i32 [ 0, %5 ], [ %22, %8 ]
  %10 = phi <4 x i32> [ <i32 1, i32 2, i32 3, i32 4>, %5 ], [ %23, %8 ]
  %11 = phi <4 x i32> [ zeroinitializer, %5 ], [ %20, %8 ]
  %12 = phi <4 x i32> [ zeroinitializer, %5 ], [ %21, %8 ]
  %13 = add <4 x i32> %10, <i32 4, i32 4, i32 4, i32 4>
  %14 = and <4 x i32> %10, <i32 1, i32 1, i32 1, i32 1>
  %15 = and <4 x i32> %10, <i32 1, i32 1, i32 1, i32 1>
  %16 = icmp eq <4 x i32> %14, zeroinitializer
  %17 = icmp eq <4 x i32> %15, zeroinitializer
  %18 = select <4 x i1> %16, <4 x i32> %10, <4 x i32> zeroinitializer
  %19 = select <4 x i1> %17, <4 x i32> %13, <4 x i32> zeroinitializer
  %20 = add <4 x i32> %18, %11
  %21 = add <4 x i32> %19, %12
  %22 = add nuw i32 %9, 8
  %23 = add <4 x i32> %10, <i32 8, i32 8, i32 8, i32 8>
  %24 = icmp eq i32 %22, %6
  br i1 %24, label %25, label %8, !llvm.loop !5

25:                                               ; preds = %8
  %26 = add <4 x i32> %21, %20
  %27 = call i32 @llvm.vector.reduce.add.v4i32(<4 x i32> %26)
  %28 = icmp eq i32 %6, %0
  br i1 %28, label %29, label %31

29:                                               ; preds = %25, %31, %1
  %30 = phi i32 [ 0, %1 ], [ %27, %25 ], [ %37, %31 ]
  ret i32 %30

31:                                               ; preds = %25, %3, %31
  %32 = phi i32 [ %38, %31 ], [ %7, %25 ], [ 1, %3 ]
  %33 = phi i32 [ %37, %31 ], [ %27, %25 ], [ 0, %3 ]
  %34 = and i32 %32, 1
  %35 = icmp eq i32 %34, 0
  %36 = select i1 %35, i32 %32, i32 0
  %37 = add nuw nsw i32 %36, %33
  %38 = add nuw i32 %32, 1
  %39 = icmp eq i32 %32, %0
  br i1 %39, label %29, label %31, !llvm.loop !8
}
*** IR Dump After LoopUnrollPass on sumeven ***
; Function Attrs: nofree norecurse nosync nounwind readnone uwtable
define dso_local i32 @sumeven(i32 noundef %0) local_unnamed_addr #0 {
  %2 = icmp slt i32 %0, 1
  br i1 %2, label %81, label %3

3:                                                ; preds = %1
  %4 = icmp ult i32 %0, 8
  br i1 %4, label %76, label %5

5:                                                ; preds = %3
  %6 = and i32 %0, -8
  %7 = or i32 %6, 1
  %8 = add i32 %6, -8
  %9 = lshr i32 %8, 3
  %10 = add nuw nsw i32 %9, 1
  %11 = and i32 %10, 1
  %12 = icmp ult i32 %9, 1
  br i1 %12, label %52, label %13

13:                                               ; preds = %5
  %14 = sub i32 %10, %11
  br label %15

15:                                               ; preds = %15, %13
  %16 = phi i32 [ 0, %13 ], [ %42, %15 ]
  %17 = phi <4 x i32> [ <i32 1, i32 2, i32 3, i32 4>, %13 ], [ %43, %15 ]
  %18 = phi <4 x i32> [ zeroinitializer, %13 ], [ %40, %15 ]
  %19 = phi <4 x i32> [ zeroinitializer, %13 ], [ %41, %15 ]
  %20 = phi i32 [ 0, %13 ], [ %44, %15 ]
  %21 = add <4 x i32> %17, <i32 4, i32 4, i32 4, i32 4>
  %22 = and <4 x i32> %17, <i32 1, i32 1, i32 1, i32 1>
  %23 = and <4 x i32> %17, <i32 1, i32 1, i32 1, i32 1>
  %24 = icmp eq <4 x i32> %22, zeroinitializer
  %25 = icmp eq <4 x i32> %23, zeroinitializer
  %26 = select <4 x i1> %24, <4 x i32> %17, <4 x i32> zeroinitializer
  %27 = select <4 x i1> %25, <4 x i32> %21, <4 x i32> zeroinitializer
  %28 = add <4 x i32> %26, %18
  %29 = add <4 x i32> %27, %19
  %30 = add nuw nsw i32 %16, 8
  %31 = add <4 x i32> %17, <i32 8, i32 8, i32 8, i32 8>
  %32 = add nuw nsw i32 %20, 1
  %33 = add <4 x i32> %31, <i32 4, i32 4, i32 4, i32 4>
  %34 = and <4 x i32> %31, <i32 1, i32 1, i32 1, i32 1>
  %35 = and <4 x i32> %31, <i32 1, i32 1, i32 1, i32 1>
  %36 = icmp eq <4 x i32> %34, zeroinitializer
  %37 = icmp eq <4 x i32> %35, zeroinitializer
  %38 = select <4 x i1> %36, <4 x i32> %31, <4 x i32> zeroinitializer
  %39 = select <4 x i1> %37, <4 x i32> %33, <4 x i32> zeroinitializer
  %40 = add <4 x i32> %38, %28
  %41 = add <4 x i32> %39, %29
  %42 = add nuw i32 %30, 8
  %43 = add <4 x i32> %31, <i32 8, i32 8, i32 8, i32 8>
  %44 = add i32 %32, 1
  %45 = icmp eq i32 %44, %14
  br i1 %45, label %46, label %15, !llvm.loop !5

46:                                               ; preds = %15
  %47 = phi <4 x i32> [ %40, %15 ]
  %48 = phi <4 x i32> [ %41, %15 ]
  %49 = phi <4 x i32> [ %43, %15 ]
  %50 = phi <4 x i32> [ %40, %15 ]
  %51 = phi <4 x i32> [ %41, %15 ]
  br label %52

52:                                               ; preds = %46, %5
  %53 = phi <4 x i32> [ undef, %5 ], [ %47, %46 ]
  %54 = phi <4 x i32> [ undef, %5 ], [ %48, %46 ]
  %55 = phi <4 x i32> [ <i32 1, i32 2, i32 3, i32 4>, %5 ], [ %49, %46 ]
  %56 = phi <4 x i32> [ zeroinitializer, %5 ], [ %50, %46 ]
  %57 = phi <4 x i32> [ zeroinitializer, %5 ], [ %51, %46 ]
  %58 = icmp ne i32 %11, 0
  br i1 %58, label %59, label %70

59:                                               ; preds = %52
  br label %60

60:                                               ; preds = %59
  %61 = add <4 x i32> %55, <i32 4, i32 4, i32 4, i32 4>
  %62 = and <4 x i32> %55, <i32 1, i32 1, i32 1, i32 1>
  %63 = and <4 x i32> %55, <i32 1, i32 1, i32 1, i32 1>
  %64 = icmp eq <4 x i32> %62, zeroinitializer
  %65 = icmp eq <4 x i32> %63, zeroinitializer
  %66 = select <4 x i1> %64, <4 x i32> %55, <4 x i32> zeroinitializer
  %67 = select <4 x i1> %65, <4 x i32> %61, <4 x i32> zeroinitializer
  %68 = add <4 x i32> %66, %56
  %69 = add <4 x i32> %67, %57
  br label %70

70:                                               ; preds = %52, %60
  %71 = phi <4 x i32> [ %53, %52 ], [ %68, %60 ]
  %72 = phi <4 x i32> [ %54, %52 ], [ %69, %60 ]
  %73 = add <4 x i32> %72, %71
  %74 = call i32 @llvm.vector.reduce.add.v4i32(<4 x i32> %73)
  %75 = icmp eq i32 %6, %0
  br i1 %75, label %81, label %76

76:                                               ; preds = %3, %70
  %77 = phi i32 [ 1, %3 ], [ %7, %70 ]
  %78 = phi i32 [ 0, %3 ], [ %74, %70 ]
  br label %83

79:                                               ; preds = %83
  %80 = phi i32 [ %89, %83 ]
  br label %81

81:                                               ; preds = %79, %70, %1
  %82 = phi i32 [ 0, %1 ], [ %74, %70 ], [ %80, %79 ]
  ret i32 %82

83:                                               ; preds = %76, %83
  %84 = phi i32 [ %90, %83 ], [ %77, %76 ]
  %85 = phi i32 [ %89, %83 ], [ %78, %76 ]
  %86 = and i32 %84, 1
  %87 = icmp eq i32 %86, 0
  %88 = select i1 %87, i32 %84, i32 0
  %89 = add nuw nsw i32 %88, %85
  %90 = add nuw i32 %84, 1
  %91 = icmp eq i32 %84, %0
  br i1 %91, label %79, label %83, !llvm.loop !8
}
*** IR Dump After WarnMissedTransformationsPass on sumeven ***
; Function Attrs: nofree norecurse nosync nounwind readnone uwtable
define dso_local i32 @sumeven(i32 noundef %0) local_unnamed_addr #0 {
  %2 = icmp slt i32 %0, 1
  br i1 %2, label %81, label %3

3:                                                ; preds = %1
  %4 = icmp ult i32 %0, 8
  br i1 %4, label %76, label %5

5:                                                ; preds = %3
  %6 = and i32 %0, -8
  %7 = or i32 %6, 1
  %8 = add i32 %6, -8
  %9 = lshr i32 %8, 3
  %10 = add nuw nsw i32 %9, 1
  %11 = and i32 %10, 1
  %12 = icmp ult i32 %9, 1
  br i1 %12, label %52, label %13

13:                                               ; preds = %5
  %14 = sub i32 %10, %11
  br label %15

15:                                               ; preds = %15, %13
  %16 = phi i32 [ 0, %13 ], [ %42, %15 ]
  %17 = phi <4 x i32> [ <i32 1, i32 2, i32 3, i32 4>, %13 ], [ %43, %15 ]
  %18 = phi <4 x i32> [ zeroinitializer, %13 ], [ %40, %15 ]
  %19 = phi <4 x i32> [ zeroinitializer, %13 ], [ %41, %15 ]
  %20 = phi i32 [ 0, %13 ], [ %44, %15 ]
  %21 = add <4 x i32> %17, <i32 4, i32 4, i32 4, i32 4>
  %22 = and <4 x i32> %17, <i32 1, i32 1, i32 1, i32 1>
  %23 = and <4 x i32> %17, <i32 1, i32 1, i32 1, i32 1>
  %24 = icmp eq <4 x i32> %22, zeroinitializer
  %25 = icmp eq <4 x i32> %23, zeroinitializer
  %26 = select <4 x i1> %24, <4 x i32> %17, <4 x i32> zeroinitializer
  %27 = select <4 x i1> %25, <4 x i32> %21, <4 x i32> zeroinitializer
  %28 = add <4 x i32> %26, %18
  %29 = add <4 x i32> %27, %19
  %30 = add nuw nsw i32 %16, 8
  %31 = add <4 x i32> %17, <i32 8, i32 8, i32 8, i32 8>
  %32 = add nuw nsw i32 %20, 1
  %33 = add <4 x i32> %31, <i32 4, i32 4, i32 4, i32 4>
  %34 = and <4 x i32> %31, <i32 1, i32 1, i32 1, i32 1>
  %35 = and <4 x i32> %31, <i32 1, i32 1, i32 1, i32 1>
  %36 = icmp eq <4 x i32> %34, zeroinitializer
  %37 = icmp eq <4 x i32> %35, zeroinitializer
  %38 = select <4 x i1> %36, <4 x i32> %31, <4 x i32> zeroinitializer
  %39 = select <4 x i1> %37, <4 x i32> %33, <4 x i32> zeroinitializer
  %40 = add <4 x i32> %38, %28
  %41 = add <4 x i32> %39, %29
  %42 = add nuw i32 %30, 8
  %43 = add <4 x i32> %31, <i32 8, i32 8, i32 8, i32 8>
  %44 = add i32 %32, 1
  %45 = icmp eq i32 %44, %14
  br i1 %45, label %46, label %15, !llvm.loop !5

46:                                               ; preds = %15
  %47 = phi <4 x i32> [ %40, %15 ]
  %48 = phi <4 x i32> [ %41, %15 ]
  %49 = phi <4 x i32> [ %43, %15 ]
  %50 = phi <4 x i32> [ %40, %15 ]
  %51 = phi <4 x i32> [ %41, %15 ]
  br label %52

52:                                               ; preds = %46, %5
  %53 = phi <4 x i32> [ undef, %5 ], [ %47, %46 ]
  %54 = phi <4 x i32> [ undef, %5 ], [ %48, %46 ]
  %55 = phi <4 x i32> [ <i32 1, i32 2, i32 3, i32 4>, %5 ], [ %49, %46 ]
  %56 = phi <4 x i32> [ zeroinitializer, %5 ], [ %50, %46 ]
  %57 = phi <4 x i32> [ zeroinitializer, %5 ], [ %51, %46 ]
  %58 = icmp ne i32 %11, 0
  br i1 %58, label %59, label %70

59:                                               ; preds = %52
  br label %60

60:                                               ; preds = %59
  %61 = add <4 x i32> %55, <i32 4, i32 4, i32 4, i32 4>
  %62 = and <4 x i32> %55, <i32 1, i32 1, i32 1, i32 1>
  %63 = and <4 x i32> %55, <i32 1, i32 1, i32 1, i32 1>
  %64 = icmp eq <4 x i32> %62, zeroinitializer
  %65 = icmp eq <4 x i32> %63, zeroinitializer
  %66 = select <4 x i1> %64, <4 x i32> %55, <4 x i32> zeroinitializer
  %67 = select <4 x i1> %65, <4 x i32> %61, <4 x i32> zeroinitializer
  %68 = add <4 x i32> %66, %56
  %69 = add <4 x i32> %67, %57
  br label %70

70:                                               ; preds = %52, %60
  %71 = phi <4 x i32> [ %53, %52 ], [ %68, %60 ]
  %72 = phi <4 x i32> [ %54, %52 ], [ %69, %60 ]
  %73 = add <4 x i32> %72, %71
  %74 = call i32 @llvm.vector.reduce.add.v4i32(<4 x i32> %73)
  %75 = icmp eq i32 %6, %0
  br i1 %75, label %81, label %76

76:                                               ; preds = %3, %70
  %77 = phi i32 [ 1, %3 ], [ %7, %70 ]
  %78 = phi i32 [ 0, %3 ], [ %74, %70 ]
  br label %83

79:                                               ; preds = %83
  %80 = phi i32 [ %89, %83 ]
  br label %81

81:                                               ; preds = %79, %70, %1
  %82 = phi i32 [ 0, %1 ], [ %74, %70 ], [ %80, %79 ]
  ret i32 %82

83:                                               ; preds = %76, %83
  %84 = phi i32 [ %90, %83 ], [ %77, %76 ]
  %85 = phi i32 [ %89, %83 ], [ %78, %76 ]
  %86 = and i32 %84, 1
  %87 = icmp eq i32 %86, 0
  %88 = select i1 %87, i32 %84, i32 0
  %89 = add nuw nsw i32 %88, %85
  %90 = add nuw i32 %84, 1
  %91 = icmp eq i32 %84, %0
  br i1 %91, label %79, label %83, !llvm.loop !8
}
*** IR Dump After InstCombinePass on sumeven ***
; Function Attrs: nofree norecurse nosync nounwind readnone uwtable
define dso_local i32 @sumeven(i32 noundef %0) local_unnamed_addr #0 {
  %2 = icmp slt i32 %0, 1
  br i1 %2, label %71, label %3

3:                                                ; preds = %1
  %4 = icmp ult i32 %0, 8
  br i1 %4, label %67, label %5

5:                                                ; preds = %3
  %6 = and i32 %0, -8
  %7 = or i32 %6, 1
  %8 = add i32 %6, -8
  %9 = lshr exact i32 %8, 3
  %10 = add nuw nsw i32 %9, 1
  %11 = and i32 %10, 1
  %12 = icmp eq i32 %8, 0
  br i1 %12, label %43, label %13

13:                                               ; preds = %5
  %14 = and i32 %10, 1073741822
  br label %15

15:                                               ; preds = %15, %13
  %16 = phi <4 x i32> [ <i32 1, i32 2, i32 3, i32 4>, %13 ], [ %39, %15 ]
  %17 = phi <4 x i32> [ zeroinitializer, %13 ], [ %37, %15 ]
  %18 = phi <4 x i32> [ zeroinitializer, %13 ], [ %38, %15 ]
  %19 = phi i32 [ 0, %13 ], [ %40, %15 ]
  %20 = add <4 x i32> %16, <i32 4, i32 4, i32 4, i32 4>
  %21 = and <4 x i32> %16, <i32 1, i32 1, i32 1, i32 1>
  %22 = and <4 x i32> %16, <i32 1, i32 1, i32 1, i32 1>
  %23 = icmp eq <4 x i32> %21, zeroinitializer
  %24 = icmp eq <4 x i32> %22, zeroinitializer
  %25 = select <4 x i1> %23, <4 x i32> %16, <4 x i32> zeroinitializer
  %26 = select <4 x i1> %24, <4 x i32> %20, <4 x i32> zeroinitializer
  %27 = add <4 x i32> %25, %17
  %28 = add <4 x i32> %26, %18
  %29 = add <4 x i32> %16, <i32 8, i32 8, i32 8, i32 8>
  %30 = add <4 x i32> %16, <i32 12, i32 12, i32 12, i32 12>
  %31 = and <4 x i32> %16, <i32 1, i32 1, i32 1, i32 1>
  %32 = and <4 x i32> %16, <i32 1, i32 1, i32 1, i32 1>
  %33 = icmp eq <4 x i32> %31, zeroinitializer
  %34 = icmp eq <4 x i32> %32, zeroinitializer
  %35 = select <4 x i1> %33, <4 x i32> %29, <4 x i32> zeroinitializer
  %36 = select <4 x i1> %34, <4 x i32> %30, <4 x i32> zeroinitializer
  %37 = add <4 x i32> %35, %27
  %38 = add <4 x i32> %36, %28
  %39 = add <4 x i32> %16, <i32 16, i32 16, i32 16, i32 16>
  %40 = add i32 %19, 2
  %41 = icmp eq i32 %40, %14
  br i1 %41, label %42, label %15, !llvm.loop !5

42:                                               ; preds = %15
  br label %43

43:                                               ; preds = %42, %5
  %44 = phi <4 x i32> [ undef, %5 ], [ %37, %42 ]
  %45 = phi <4 x i32> [ undef, %5 ], [ %38, %42 ]
  %46 = phi <4 x i32> [ <i32 1, i32 2, i32 3, i32 4>, %5 ], [ %39, %42 ]
  %47 = phi <4 x i32> [ zeroinitializer, %5 ], [ %37, %42 ]
  %48 = phi <4 x i32> [ zeroinitializer, %5 ], [ %38, %42 ]
  %49 = icmp eq i32 %11, 0
  br i1 %49, label %61, label %50

50:                                               ; preds = %43
  br label %51

51:                                               ; preds = %50
  %52 = add <4 x i32> %46, <i32 4, i32 4, i32 4, i32 4>
  %53 = and <4 x i32> %46, <i32 1, i32 1, i32 1, i32 1>
  %54 = and <4 x i32> %46, <i32 1, i32 1, i32 1, i32 1>
  %55 = icmp eq <4 x i32> %53, zeroinitializer
  %56 = icmp eq <4 x i32> %54, zeroinitializer
  %57 = select <4 x i1> %55, <4 x i32> %46, <4 x i32> zeroinitializer
  %58 = select <4 x i1> %56, <4 x i32> %52, <4 x i32> zeroinitializer
  %59 = add <4 x i32> %57, %47
  %60 = add <4 x i32> %58, %48
  br label %61

61:                                               ; preds = %43, %51
  %62 = phi <4 x i32> [ %44, %43 ], [ %59, %51 ]
  %63 = phi <4 x i32> [ %45, %43 ], [ %60, %51 ]
  %64 = add <4 x i32> %63, %62
  %65 = call i32 @llvm.vector.reduce.add.v4i32(<4 x i32> %64)
  %66 = icmp eq i32 %6, %0
  br i1 %66, label %71, label %67

67:                                               ; preds = %3, %61
  %68 = phi i32 [ 1, %3 ], [ %7, %61 ]
  %69 = phi i32 [ 0, %3 ], [ %65, %61 ]
  br label %73

70:                                               ; preds = %73
  br label %71

71:                                               ; preds = %70, %61, %1
  %72 = phi i32 [ 0, %1 ], [ %65, %61 ], [ %79, %70 ]
  ret i32 %72

73:                                               ; preds = %67, %73
  %74 = phi i32 [ %80, %73 ], [ %68, %67 ]
  %75 = phi i32 [ %79, %73 ], [ %69, %67 ]
  %76 = and i32 %74, 1
  %77 = icmp eq i32 %76, 0
  %78 = select i1 %77, i32 %74, i32 0
  %79 = add nuw nsw i32 %78, %75
  %80 = add nuw i32 %74, 1
  %81 = icmp eq i32 %74, %0
  br i1 %81, label %70, label %73, !llvm.loop !8
}
*** IR Dump After RequireAnalysisPass<llvm::OptimizationRemarkEmitterAnalysis, llvm::Function> on sumeven ***
; Function Attrs: nofree norecurse nosync nounwind readnone uwtable
define dso_local i32 @sumeven(i32 noundef %0) local_unnamed_addr #0 {
  %2 = icmp slt i32 %0, 1
  br i1 %2, label %71, label %3

3:                                                ; preds = %1
  %4 = icmp ult i32 %0, 8
  br i1 %4, label %67, label %5

5:                                                ; preds = %3
  %6 = and i32 %0, -8
  %7 = or i32 %6, 1
  %8 = add i32 %6, -8
  %9 = lshr exact i32 %8, 3
  %10 = add nuw nsw i32 %9, 1
  %11 = and i32 %10, 1
  %12 = icmp eq i32 %8, 0
  br i1 %12, label %43, label %13

13:                                               ; preds = %5
  %14 = and i32 %10, 1073741822
  br label %15

15:                                               ; preds = %15, %13
  %16 = phi <4 x i32> [ <i32 1, i32 2, i32 3, i32 4>, %13 ], [ %39, %15 ]
  %17 = phi <4 x i32> [ zeroinitializer, %13 ], [ %37, %15 ]
  %18 = phi <4 x i32> [ zeroinitializer, %13 ], [ %38, %15 ]
  %19 = phi i32 [ 0, %13 ], [ %40, %15 ]
  %20 = add <4 x i32> %16, <i32 4, i32 4, i32 4, i32 4>
  %21 = and <4 x i32> %16, <i32 1, i32 1, i32 1, i32 1>
  %22 = and <4 x i32> %16, <i32 1, i32 1, i32 1, i32 1>
  %23 = icmp eq <4 x i32> %21, zeroinitializer
  %24 = icmp eq <4 x i32> %22, zeroinitializer
  %25 = select <4 x i1> %23, <4 x i32> %16, <4 x i32> zeroinitializer
  %26 = select <4 x i1> %24, <4 x i32> %20, <4 x i32> zeroinitializer
  %27 = add <4 x i32> %25, %17
  %28 = add <4 x i32> %26, %18
  %29 = add <4 x i32> %16, <i32 8, i32 8, i32 8, i32 8>
  %30 = add <4 x i32> %16, <i32 12, i32 12, i32 12, i32 12>
  %31 = and <4 x i32> %16, <i32 1, i32 1, i32 1, i32 1>
  %32 = and <4 x i32> %16, <i32 1, i32 1, i32 1, i32 1>
  %33 = icmp eq <4 x i32> %31, zeroinitializer
  %34 = icmp eq <4 x i32> %32, zeroinitializer
  %35 = select <4 x i1> %33, <4 x i32> %29, <4 x i32> zeroinitializer
  %36 = select <4 x i1> %34, <4 x i32> %30, <4 x i32> zeroinitializer
  %37 = add <4 x i32> %35, %27
  %38 = add <4 x i32> %36, %28
  %39 = add <4 x i32> %16, <i32 16, i32 16, i32 16, i32 16>
  %40 = add i32 %19, 2
  %41 = icmp eq i32 %40, %14
  br i1 %41, label %42, label %15, !llvm.loop !5

42:                                               ; preds = %15
  br label %43

43:                                               ; preds = %42, %5
  %44 = phi <4 x i32> [ undef, %5 ], [ %37, %42 ]
  %45 = phi <4 x i32> [ undef, %5 ], [ %38, %42 ]
  %46 = phi <4 x i32> [ <i32 1, i32 2, i32 3, i32 4>, %5 ], [ %39, %42 ]
  %47 = phi <4 x i32> [ zeroinitializer, %5 ], [ %37, %42 ]
  %48 = phi <4 x i32> [ zeroinitializer, %5 ], [ %38, %42 ]
  %49 = icmp eq i32 %11, 0
  br i1 %49, label %61, label %50

50:                                               ; preds = %43
  br label %51

51:                                               ; preds = %50
  %52 = add <4 x i32> %46, <i32 4, i32 4, i32 4, i32 4>
  %53 = and <4 x i32> %46, <i32 1, i32 1, i32 1, i32 1>
  %54 = and <4 x i32> %46, <i32 1, i32 1, i32 1, i32 1>
  %55 = icmp eq <4 x i32> %53, zeroinitializer
  %56 = icmp eq <4 x i32> %54, zeroinitializer
  %57 = select <4 x i1> %55, <4 x i32> %46, <4 x i32> zeroinitializer
  %58 = select <4 x i1> %56, <4 x i32> %52, <4 x i32> zeroinitializer
  %59 = add <4 x i32> %57, %47
  %60 = add <4 x i32> %58, %48
  br label %61

61:                                               ; preds = %43, %51
  %62 = phi <4 x i32> [ %44, %43 ], [ %59, %51 ]
  %63 = phi <4 x i32> [ %45, %43 ], [ %60, %51 ]
  %64 = add <4 x i32> %63, %62
  %65 = call i32 @llvm.vector.reduce.add.v4i32(<4 x i32> %64)
  %66 = icmp eq i32 %6, %0
  br i1 %66, label %71, label %67

67:                                               ; preds = %3, %61
  %68 = phi i32 [ 1, %3 ], [ %7, %61 ]
  %69 = phi i32 [ 0, %3 ], [ %65, %61 ]
  br label %73

70:                                               ; preds = %73
  br label %71

71:                                               ; preds = %70, %61, %1
  %72 = phi i32 [ 0, %1 ], [ %65, %61 ], [ %79, %70 ]
  ret i32 %72

73:                                               ; preds = %67, %73
  %74 = phi i32 [ %80, %73 ], [ %68, %67 ]
  %75 = phi i32 [ %79, %73 ], [ %69, %67 ]
  %76 = and i32 %74, 1
  %77 = icmp eq i32 %76, 0
  %78 = select i1 %77, i32 %74, i32 0
  %79 = add nuw nsw i32 %78, %75
  %80 = add nuw i32 %74, 1
  %81 = icmp eq i32 %74, %0
  br i1 %81, label %70, label %73, !llvm.loop !8
}
*** IR Dump After LoopSimplifyPass on sumeven ***
; Function Attrs: nofree norecurse nosync nounwind readnone uwtable
define dso_local i32 @sumeven(i32 noundef %0) local_unnamed_addr #0 {
  %2 = icmp slt i32 %0, 1
  br i1 %2, label %71, label %3

3:                                                ; preds = %1
  %4 = icmp ult i32 %0, 8
  br i1 %4, label %67, label %5

5:                                                ; preds = %3
  %6 = and i32 %0, -8
  %7 = or i32 %6, 1
  %8 = add i32 %6, -8
  %9 = lshr exact i32 %8, 3
  %10 = add nuw nsw i32 %9, 1
  %11 = and i32 %10, 1
  %12 = icmp eq i32 %8, 0
  br i1 %12, label %43, label %13

13:                                               ; preds = %5
  %14 = and i32 %10, 1073741822
  br label %15

15:                                               ; preds = %15, %13
  %16 = phi <4 x i32> [ <i32 1, i32 2, i32 3, i32 4>, %13 ], [ %39, %15 ]
  %17 = phi <4 x i32> [ zeroinitializer, %13 ], [ %37, %15 ]
  %18 = phi <4 x i32> [ zeroinitializer, %13 ], [ %38, %15 ]
  %19 = phi i32 [ 0, %13 ], [ %40, %15 ]
  %20 = add <4 x i32> %16, <i32 4, i32 4, i32 4, i32 4>
  %21 = and <4 x i32> %16, <i32 1, i32 1, i32 1, i32 1>
  %22 = and <4 x i32> %16, <i32 1, i32 1, i32 1, i32 1>
  %23 = icmp eq <4 x i32> %21, zeroinitializer
  %24 = icmp eq <4 x i32> %22, zeroinitializer
  %25 = select <4 x i1> %23, <4 x i32> %16, <4 x i32> zeroinitializer
  %26 = select <4 x i1> %24, <4 x i32> %20, <4 x i32> zeroinitializer
  %27 = add <4 x i32> %25, %17
  %28 = add <4 x i32> %26, %18
  %29 = add <4 x i32> %16, <i32 8, i32 8, i32 8, i32 8>
  %30 = add <4 x i32> %16, <i32 12, i32 12, i32 12, i32 12>
  %31 = and <4 x i32> %16, <i32 1, i32 1, i32 1, i32 1>
  %32 = and <4 x i32> %16, <i32 1, i32 1, i32 1, i32 1>
  %33 = icmp eq <4 x i32> %31, zeroinitializer
  %34 = icmp eq <4 x i32> %32, zeroinitializer
  %35 = select <4 x i1> %33, <4 x i32> %29, <4 x i32> zeroinitializer
  %36 = select <4 x i1> %34, <4 x i32> %30, <4 x i32> zeroinitializer
  %37 = add <4 x i32> %35, %27
  %38 = add <4 x i32> %36, %28
  %39 = add <4 x i32> %16, <i32 16, i32 16, i32 16, i32 16>
  %40 = add i32 %19, 2
  %41 = icmp eq i32 %40, %14
  br i1 %41, label %42, label %15, !llvm.loop !5

42:                                               ; preds = %15
  br label %43

43:                                               ; preds = %42, %5
  %44 = phi <4 x i32> [ undef, %5 ], [ %37, %42 ]
  %45 = phi <4 x i32> [ undef, %5 ], [ %38, %42 ]
  %46 = phi <4 x i32> [ <i32 1, i32 2, i32 3, i32 4>, %5 ], [ %39, %42 ]
  %47 = phi <4 x i32> [ zeroinitializer, %5 ], [ %37, %42 ]
  %48 = phi <4 x i32> [ zeroinitializer, %5 ], [ %38, %42 ]
  %49 = icmp eq i32 %11, 0
  br i1 %49, label %61, label %50

50:                                               ; preds = %43
  br label %51

51:                                               ; preds = %50
  %52 = add <4 x i32> %46, <i32 4, i32 4, i32 4, i32 4>
  %53 = and <4 x i32> %46, <i32 1, i32 1, i32 1, i32 1>
  %54 = and <4 x i32> %46, <i32 1, i32 1, i32 1, i32 1>
  %55 = icmp eq <4 x i32> %53, zeroinitializer
  %56 = icmp eq <4 x i32> %54, zeroinitializer
  %57 = select <4 x i1> %55, <4 x i32> %46, <4 x i32> zeroinitializer
  %58 = select <4 x i1> %56, <4 x i32> %52, <4 x i32> zeroinitializer
  %59 = add <4 x i32> %57, %47
  %60 = add <4 x i32> %58, %48
  br label %61

61:                                               ; preds = %43, %51
  %62 = phi <4 x i32> [ %44, %43 ], [ %59, %51 ]
  %63 = phi <4 x i32> [ %45, %43 ], [ %60, %51 ]
  %64 = add <4 x i32> %63, %62
  %65 = call i32 @llvm.vector.reduce.add.v4i32(<4 x i32> %64)
  %66 = icmp eq i32 %6, %0
  br i1 %66, label %71, label %67

67:                                               ; preds = %3, %61
  %68 = phi i32 [ 1, %3 ], [ %7, %61 ]
  %69 = phi i32 [ 0, %3 ], [ %65, %61 ]
  br label %73

70:                                               ; preds = %73
  br label %71

71:                                               ; preds = %70, %61, %1
  %72 = phi i32 [ 0, %1 ], [ %65, %61 ], [ %79, %70 ]
  ret i32 %72

73:                                               ; preds = %67, %73
  %74 = phi i32 [ %80, %73 ], [ %68, %67 ]
  %75 = phi i32 [ %79, %73 ], [ %69, %67 ]
  %76 = and i32 %74, 1
  %77 = icmp eq i32 %76, 0
  %78 = select i1 %77, i32 %74, i32 0
  %79 = add nuw nsw i32 %78, %75
  %80 = add nuw i32 %74, 1
  %81 = icmp eq i32 %74, %0
  br i1 %81, label %70, label %73, !llvm.loop !8
}
*** IR Dump After LCSSAPass on sumeven ***
; Function Attrs: nofree norecurse nosync nounwind readnone uwtable
define dso_local i32 @sumeven(i32 noundef %0) local_unnamed_addr #0 {
  %2 = icmp slt i32 %0, 1
  br i1 %2, label %75, label %3

3:                                                ; preds = %1
  %4 = icmp ult i32 %0, 8
  br i1 %4, label %70, label %5

5:                                                ; preds = %3
  %6 = and i32 %0, -8
  %7 = or i32 %6, 1
  %8 = add i32 %6, -8
  %9 = lshr exact i32 %8, 3
  %10 = add nuw nsw i32 %9, 1
  %11 = and i32 %10, 1
  %12 = icmp eq i32 %8, 0
  br i1 %12, label %46, label %13

13:                                               ; preds = %5
  %14 = and i32 %10, 1073741822
  br label %15

15:                                               ; preds = %15, %13
  %16 = phi <4 x i32> [ <i32 1, i32 2, i32 3, i32 4>, %13 ], [ %39, %15 ]
  %17 = phi <4 x i32> [ zeroinitializer, %13 ], [ %37, %15 ]
  %18 = phi <4 x i32> [ zeroinitializer, %13 ], [ %38, %15 ]
  %19 = phi i32 [ 0, %13 ], [ %40, %15 ]
  %20 = add <4 x i32> %16, <i32 4, i32 4, i32 4, i32 4>
  %21 = and <4 x i32> %16, <i32 1, i32 1, i32 1, i32 1>
  %22 = and <4 x i32> %16, <i32 1, i32 1, i32 1, i32 1>
  %23 = icmp eq <4 x i32> %21, zeroinitializer
  %24 = icmp eq <4 x i32> %22, zeroinitializer
  %25 = select <4 x i1> %23, <4 x i32> %16, <4 x i32> zeroinitializer
  %26 = select <4 x i1> %24, <4 x i32> %20, <4 x i32> zeroinitializer
  %27 = add <4 x i32> %25, %17
  %28 = add <4 x i32> %26, %18
  %29 = add <4 x i32> %16, <i32 8, i32 8, i32 8, i32 8>
  %30 = add <4 x i32> %16, <i32 12, i32 12, i32 12, i32 12>
  %31 = and <4 x i32> %16, <i32 1, i32 1, i32 1, i32 1>
  %32 = and <4 x i32> %16, <i32 1, i32 1, i32 1, i32 1>
  %33 = icmp eq <4 x i32> %31, zeroinitializer
  %34 = icmp eq <4 x i32> %32, zeroinitializer
  %35 = select <4 x i1> %33, <4 x i32> %29, <4 x i32> zeroinitializer
  %36 = select <4 x i1> %34, <4 x i32> %30, <4 x i32> zeroinitializer
  %37 = add <4 x i32> %35, %27
  %38 = add <4 x i32> %36, %28
  %39 = add <4 x i32> %16, <i32 16, i32 16, i32 16, i32 16>
  %40 = add i32 %19, 2
  %41 = icmp eq i32 %40, %14
  br i1 %41, label %42, label %15, !llvm.loop !5

42:                                               ; preds = %15
  %43 = phi <4 x i32> [ %37, %15 ]
  %44 = phi <4 x i32> [ %38, %15 ]
  %45 = phi <4 x i32> [ %39, %15 ]
  br label %46

46:                                               ; preds = %42, %5
  %47 = phi <4 x i32> [ undef, %5 ], [ %43, %42 ]
  %48 = phi <4 x i32> [ undef, %5 ], [ %44, %42 ]
  %49 = phi <4 x i32> [ <i32 1, i32 2, i32 3, i32 4>, %5 ], [ %45, %42 ]
  %50 = phi <4 x i32> [ zeroinitializer, %5 ], [ %43, %42 ]
  %51 = phi <4 x i32> [ zeroinitializer, %5 ], [ %44, %42 ]
  %52 = icmp eq i32 %11, 0
  br i1 %52, label %64, label %53

53:                                               ; preds = %46
  br label %54

54:                                               ; preds = %53
  %55 = add <4 x i32> %49, <i32 4, i32 4, i32 4, i32 4>
  %56 = and <4 x i32> %49, <i32 1, i32 1, i32 1, i32 1>
  %57 = and <4 x i32> %49, <i32 1, i32 1, i32 1, i32 1>
  %58 = icmp eq <4 x i32> %56, zeroinitializer
  %59 = icmp eq <4 x i32> %57, zeroinitializer
  %60 = select <4 x i1> %58, <4 x i32> %49, <4 x i32> zeroinitializer
  %61 = select <4 x i1> %59, <4 x i32> %55, <4 x i32> zeroinitializer
  %62 = add <4 x i32> %60, %50
  %63 = add <4 x i32> %61, %51
  br label %64

64:                                               ; preds = %46, %54
  %65 = phi <4 x i32> [ %47, %46 ], [ %62, %54 ]
  %66 = phi <4 x i32> [ %48, %46 ], [ %63, %54 ]
  %67 = add <4 x i32> %66, %65
  %68 = call i32 @llvm.vector.reduce.add.v4i32(<4 x i32> %67)
  %69 = icmp eq i32 %6, %0
  br i1 %69, label %75, label %70

70:                                               ; preds = %3, %64
  %71 = phi i32 [ 1, %3 ], [ %7, %64 ]
  %72 = phi i32 [ 0, %3 ], [ %68, %64 ]
  br label %77

73:                                               ; preds = %77
  %74 = phi i32 [ %83, %77 ]
  br label %75

75:                                               ; preds = %73, %64, %1
  %76 = phi i32 [ 0, %1 ], [ %68, %64 ], [ %74, %73 ]
  ret i32 %76

77:                                               ; preds = %70, %77
  %78 = phi i32 [ %84, %77 ], [ %71, %70 ]
  %79 = phi i32 [ %83, %77 ], [ %72, %70 ]
  %80 = and i32 %78, 1
  %81 = icmp eq i32 %80, 0
  %82 = select i1 %81, i32 %78, i32 0
  %83 = add nuw nsw i32 %82, %79
  %84 = add nuw i32 %78, 1
  %85 = icmp eq i32 %78, %0
  br i1 %85, label %73, label %77, !llvm.loop !8
}
*** IR Dump After LICMPass on Parallel Loop at depth 1 containing: %15<header><latch><exiting> ***

; Preheader:
13:                                               ; preds = %5
  %14 = and i32 %10, 1073741822
  br label %15

; Loop:
15:                                               ; preds = %15, %13
  %16 = phi <4 x i32> [ <i32 1, i32 2, i32 3, i32 4>, %13 ], [ %39, %15 ]
  %17 = phi <4 x i32> [ zeroinitializer, %13 ], [ %37, %15 ]
  %18 = phi <4 x i32> [ zeroinitializer, %13 ], [ %38, %15 ]
  %19 = phi i32 [ 0, %13 ], [ %40, %15 ]
  %20 = add <4 x i32> %16, <i32 4, i32 4, i32 4, i32 4>
  %21 = and <4 x i32> %16, <i32 1, i32 1, i32 1, i32 1>
  %22 = and <4 x i32> %16, <i32 1, i32 1, i32 1, i32 1>
  %23 = icmp eq <4 x i32> %21, zeroinitializer
  %24 = icmp eq <4 x i32> %22, zeroinitializer
  %25 = select <4 x i1> %23, <4 x i32> %16, <4 x i32> zeroinitializer
  %26 = select <4 x i1> %24, <4 x i32> %20, <4 x i32> zeroinitializer
  %27 = add <4 x i32> %25, %17
  %28 = add <4 x i32> %26, %18
  %29 = add <4 x i32> %16, <i32 8, i32 8, i32 8, i32 8>
  %30 = add <4 x i32> %16, <i32 12, i32 12, i32 12, i32 12>
  %31 = and <4 x i32> %16, <i32 1, i32 1, i32 1, i32 1>
  %32 = and <4 x i32> %16, <i32 1, i32 1, i32 1, i32 1>
  %33 = icmp eq <4 x i32> %31, zeroinitializer
  %34 = icmp eq <4 x i32> %32, zeroinitializer
  %35 = select <4 x i1> %33, <4 x i32> %29, <4 x i32> zeroinitializer
  %36 = select <4 x i1> %34, <4 x i32> %30, <4 x i32> zeroinitializer
  %37 = add <4 x i32> %35, %27
  %38 = add <4 x i32> %36, %28
  %39 = add <4 x i32> %16, <i32 16, i32 16, i32 16, i32 16>
  %40 = add i32 %19, 2
  %41 = icmp eq i32 %40, %14
  br i1 %41, label %42, label %15, !llvm.loop !5

; Exit blocks
42:                                               ; preds = %15
  %43 = phi <4 x i32> [ %37, %15 ]
  %44 = phi <4 x i32> [ %38, %15 ]
  %45 = phi <4 x i32> [ %39, %15 ]
  br label %46
*** IR Dump After LICMPass on Parallel Loop at depth 1 containing: %77<header><latch><exiting> ***

; Preheader:
70:                                               ; preds = %3, %64
  %71 = phi i32 [ 1, %3 ], [ %7, %64 ]
  %72 = phi i32 [ 0, %3 ], [ %68, %64 ]
  br label %77

; Loop:
77:                                               ; preds = %70, %77
  %78 = phi i32 [ %84, %77 ], [ %71, %70 ]
  %79 = phi i32 [ %83, %77 ], [ %72, %70 ]
  %80 = and i32 %78, 1
  %81 = icmp eq i32 %80, 0
  %82 = select i1 %81, i32 %78, i32 0
  %83 = add nuw nsw i32 %82, %79
  %84 = add nuw i32 %78, 1
  %85 = icmp eq i32 %78, %0
  br i1 %85, label %73, label %77, !llvm.loop !8

; Exit blocks
73:                                               ; preds = %77
  %74 = phi i32 [ %83, %77 ]
  br label %75
*** IR Dump After AlignmentFromAssumptionsPass on sumeven ***
; Function Attrs: nofree norecurse nosync nounwind readnone uwtable
define dso_local i32 @sumeven(i32 noundef %0) local_unnamed_addr #0 {
  %2 = icmp slt i32 %0, 1
  br i1 %2, label %75, label %3

3:                                                ; preds = %1
  %4 = icmp ult i32 %0, 8
  br i1 %4, label %70, label %5

5:                                                ; preds = %3
  %6 = and i32 %0, -8
  %7 = or i32 %6, 1
  %8 = add i32 %6, -8
  %9 = lshr exact i32 %8, 3
  %10 = add nuw nsw i32 %9, 1
  %11 = and i32 %10, 1
  %12 = icmp eq i32 %8, 0
  br i1 %12, label %46, label %13

13:                                               ; preds = %5
  %14 = and i32 %10, 1073741822
  br label %15

15:                                               ; preds = %15, %13
  %16 = phi <4 x i32> [ <i32 1, i32 2, i32 3, i32 4>, %13 ], [ %39, %15 ]
  %17 = phi <4 x i32> [ zeroinitializer, %13 ], [ %37, %15 ]
  %18 = phi <4 x i32> [ zeroinitializer, %13 ], [ %38, %15 ]
  %19 = phi i32 [ 0, %13 ], [ %40, %15 ]
  %20 = add <4 x i32> %16, <i32 4, i32 4, i32 4, i32 4>
  %21 = and <4 x i32> %16, <i32 1, i32 1, i32 1, i32 1>
  %22 = and <4 x i32> %16, <i32 1, i32 1, i32 1, i32 1>
  %23 = icmp eq <4 x i32> %21, zeroinitializer
  %24 = icmp eq <4 x i32> %22, zeroinitializer
  %25 = select <4 x i1> %23, <4 x i32> %16, <4 x i32> zeroinitializer
  %26 = select <4 x i1> %24, <4 x i32> %20, <4 x i32> zeroinitializer
  %27 = add <4 x i32> %25, %17
  %28 = add <4 x i32> %26, %18
  %29 = add <4 x i32> %16, <i32 8, i32 8, i32 8, i32 8>
  %30 = add <4 x i32> %16, <i32 12, i32 12, i32 12, i32 12>
  %31 = and <4 x i32> %16, <i32 1, i32 1, i32 1, i32 1>
  %32 = and <4 x i32> %16, <i32 1, i32 1, i32 1, i32 1>
  %33 = icmp eq <4 x i32> %31, zeroinitializer
  %34 = icmp eq <4 x i32> %32, zeroinitializer
  %35 = select <4 x i1> %33, <4 x i32> %29, <4 x i32> zeroinitializer
  %36 = select <4 x i1> %34, <4 x i32> %30, <4 x i32> zeroinitializer
  %37 = add <4 x i32> %35, %27
  %38 = add <4 x i32> %36, %28
  %39 = add <4 x i32> %16, <i32 16, i32 16, i32 16, i32 16>
  %40 = add i32 %19, 2
  %41 = icmp eq i32 %40, %14
  br i1 %41, label %42, label %15, !llvm.loop !5

42:                                               ; preds = %15
  %43 = phi <4 x i32> [ %37, %15 ]
  %44 = phi <4 x i32> [ %38, %15 ]
  %45 = phi <4 x i32> [ %39, %15 ]
  br label %46

46:                                               ; preds = %42, %5
  %47 = phi <4 x i32> [ undef, %5 ], [ %43, %42 ]
  %48 = phi <4 x i32> [ undef, %5 ], [ %44, %42 ]
  %49 = phi <4 x i32> [ <i32 1, i32 2, i32 3, i32 4>, %5 ], [ %45, %42 ]
  %50 = phi <4 x i32> [ zeroinitializer, %5 ], [ %43, %42 ]
  %51 = phi <4 x i32> [ zeroinitializer, %5 ], [ %44, %42 ]
  %52 = icmp eq i32 %11, 0
  br i1 %52, label %64, label %53

53:                                               ; preds = %46
  br label %54

54:                                               ; preds = %53
  %55 = add <4 x i32> %49, <i32 4, i32 4, i32 4, i32 4>
  %56 = and <4 x i32> %49, <i32 1, i32 1, i32 1, i32 1>
  %57 = and <4 x i32> %49, <i32 1, i32 1, i32 1, i32 1>
  %58 = icmp eq <4 x i32> %56, zeroinitializer
  %59 = icmp eq <4 x i32> %57, zeroinitializer
  %60 = select <4 x i1> %58, <4 x i32> %49, <4 x i32> zeroinitializer
  %61 = select <4 x i1> %59, <4 x i32> %55, <4 x i32> zeroinitializer
  %62 = add <4 x i32> %60, %50
  %63 = add <4 x i32> %61, %51
  br label %64

64:                                               ; preds = %46, %54
  %65 = phi <4 x i32> [ %47, %46 ], [ %62, %54 ]
  %66 = phi <4 x i32> [ %48, %46 ], [ %63, %54 ]
  %67 = add <4 x i32> %66, %65
  %68 = call i32 @llvm.vector.reduce.add.v4i32(<4 x i32> %67)
  %69 = icmp eq i32 %6, %0
  br i1 %69, label %75, label %70

70:                                               ; preds = %3, %64
  %71 = phi i32 [ 1, %3 ], [ %7, %64 ]
  %72 = phi i32 [ 0, %3 ], [ %68, %64 ]
  br label %77

73:                                               ; preds = %77
  %74 = phi i32 [ %83, %77 ]
  br label %75

75:                                               ; preds = %73, %64, %1
  %76 = phi i32 [ 0, %1 ], [ %68, %64 ], [ %74, %73 ]
  ret i32 %76

77:                                               ; preds = %70, %77
  %78 = phi i32 [ %84, %77 ], [ %71, %70 ]
  %79 = phi i32 [ %83, %77 ], [ %72, %70 ]
  %80 = and i32 %78, 1
  %81 = icmp eq i32 %80, 0
  %82 = select i1 %81, i32 %78, i32 0
  %83 = add nuw nsw i32 %82, %79
  %84 = add nuw i32 %78, 1
  %85 = icmp eq i32 %78, %0
  br i1 %85, label %73, label %77, !llvm.loop !8
}
*** IR Dump After LoopSinkPass on sumeven ***
; Function Attrs: nofree norecurse nosync nounwind readnone uwtable
define dso_local i32 @sumeven(i32 noundef %0) local_unnamed_addr #0 {
  %2 = icmp slt i32 %0, 1
  br i1 %2, label %75, label %3

3:                                                ; preds = %1
  %4 = icmp ult i32 %0, 8
  br i1 %4, label %70, label %5

5:                                                ; preds = %3
  %6 = and i32 %0, -8
  %7 = or i32 %6, 1
  %8 = add i32 %6, -8
  %9 = lshr exact i32 %8, 3
  %10 = add nuw nsw i32 %9, 1
  %11 = and i32 %10, 1
  %12 = icmp eq i32 %8, 0
  br i1 %12, label %46, label %13

13:                                               ; preds = %5
  %14 = and i32 %10, 1073741822
  br label %15

15:                                               ; preds = %15, %13
  %16 = phi <4 x i32> [ <i32 1, i32 2, i32 3, i32 4>, %13 ], [ %39, %15 ]
  %17 = phi <4 x i32> [ zeroinitializer, %13 ], [ %37, %15 ]
  %18 = phi <4 x i32> [ zeroinitializer, %13 ], [ %38, %15 ]
  %19 = phi i32 [ 0, %13 ], [ %40, %15 ]
  %20 = add <4 x i32> %16, <i32 4, i32 4, i32 4, i32 4>
  %21 = and <4 x i32> %16, <i32 1, i32 1, i32 1, i32 1>
  %22 = and <4 x i32> %16, <i32 1, i32 1, i32 1, i32 1>
  %23 = icmp eq <4 x i32> %21, zeroinitializer
  %24 = icmp eq <4 x i32> %22, zeroinitializer
  %25 = select <4 x i1> %23, <4 x i32> %16, <4 x i32> zeroinitializer
  %26 = select <4 x i1> %24, <4 x i32> %20, <4 x i32> zeroinitializer
  %27 = add <4 x i32> %25, %17
  %28 = add <4 x i32> %26, %18
  %29 = add <4 x i32> %16, <i32 8, i32 8, i32 8, i32 8>
  %30 = add <4 x i32> %16, <i32 12, i32 12, i32 12, i32 12>
  %31 = and <4 x i32> %16, <i32 1, i32 1, i32 1, i32 1>
  %32 = and <4 x i32> %16, <i32 1, i32 1, i32 1, i32 1>
  %33 = icmp eq <4 x i32> %31, zeroinitializer
  %34 = icmp eq <4 x i32> %32, zeroinitializer
  %35 = select <4 x i1> %33, <4 x i32> %29, <4 x i32> zeroinitializer
  %36 = select <4 x i1> %34, <4 x i32> %30, <4 x i32> zeroinitializer
  %37 = add <4 x i32> %35, %27
  %38 = add <4 x i32> %36, %28
  %39 = add <4 x i32> %16, <i32 16, i32 16, i32 16, i32 16>
  %40 = add i32 %19, 2
  %41 = icmp eq i32 %40, %14
  br i1 %41, label %42, label %15, !llvm.loop !5

42:                                               ; preds = %15
  %43 = phi <4 x i32> [ %37, %15 ]
  %44 = phi <4 x i32> [ %38, %15 ]
  %45 = phi <4 x i32> [ %39, %15 ]
  br label %46

46:                                               ; preds = %42, %5
  %47 = phi <4 x i32> [ undef, %5 ], [ %43, %42 ]
  %48 = phi <4 x i32> [ undef, %5 ], [ %44, %42 ]
  %49 = phi <4 x i32> [ <i32 1, i32 2, i32 3, i32 4>, %5 ], [ %45, %42 ]
  %50 = phi <4 x i32> [ zeroinitializer, %5 ], [ %43, %42 ]
  %51 = phi <4 x i32> [ zeroinitializer, %5 ], [ %44, %42 ]
  %52 = icmp eq i32 %11, 0
  br i1 %52, label %64, label %53

53:                                               ; preds = %46
  br label %54

54:                                               ; preds = %53
  %55 = add <4 x i32> %49, <i32 4, i32 4, i32 4, i32 4>
  %56 = and <4 x i32> %49, <i32 1, i32 1, i32 1, i32 1>
  %57 = and <4 x i32> %49, <i32 1, i32 1, i32 1, i32 1>
  %58 = icmp eq <4 x i32> %56, zeroinitializer
  %59 = icmp eq <4 x i32> %57, zeroinitializer
  %60 = select <4 x i1> %58, <4 x i32> %49, <4 x i32> zeroinitializer
  %61 = select <4 x i1> %59, <4 x i32> %55, <4 x i32> zeroinitializer
  %62 = add <4 x i32> %60, %50
  %63 = add <4 x i32> %61, %51
  br label %64

64:                                               ; preds = %46, %54
  %65 = phi <4 x i32> [ %47, %46 ], [ %62, %54 ]
  %66 = phi <4 x i32> [ %48, %46 ], [ %63, %54 ]
  %67 = add <4 x i32> %66, %65
  %68 = call i32 @llvm.vector.reduce.add.v4i32(<4 x i32> %67)
  %69 = icmp eq i32 %6, %0
  br i1 %69, label %75, label %70

70:                                               ; preds = %3, %64
  %71 = phi i32 [ 1, %3 ], [ %7, %64 ]
  %72 = phi i32 [ 0, %3 ], [ %68, %64 ]
  br label %77

73:                                               ; preds = %77
  %74 = phi i32 [ %83, %77 ]
  br label %75

75:                                               ; preds = %73, %64, %1
  %76 = phi i32 [ 0, %1 ], [ %68, %64 ], [ %74, %73 ]
  ret i32 %76

77:                                               ; preds = %70, %77
  %78 = phi i32 [ %84, %77 ], [ %71, %70 ]
  %79 = phi i32 [ %83, %77 ], [ %72, %70 ]
  %80 = and i32 %78, 1
  %81 = icmp eq i32 %80, 0
  %82 = select i1 %81, i32 %78, i32 0
  %83 = add nuw nsw i32 %82, %79
  %84 = add nuw i32 %78, 1
  %85 = icmp eq i32 %78, %0
  br i1 %85, label %73, label %77, !llvm.loop !8
}
*** IR Dump After InstSimplifyPass on sumeven ***
; Function Attrs: nofree norecurse nosync nounwind readnone uwtable
define dso_local i32 @sumeven(i32 noundef %0) local_unnamed_addr #0 {
  %2 = icmp slt i32 %0, 1
  br i1 %2, label %71, label %3

3:                                                ; preds = %1
  %4 = icmp ult i32 %0, 8
  br i1 %4, label %67, label %5

5:                                                ; preds = %3
  %6 = and i32 %0, -8
  %7 = or i32 %6, 1
  %8 = add i32 %6, -8
  %9 = lshr exact i32 %8, 3
  %10 = add nuw nsw i32 %9, 1
  %11 = and i32 %10, 1
  %12 = icmp eq i32 %8, 0
  br i1 %12, label %43, label %13

13:                                               ; preds = %5
  %14 = and i32 %10, 1073741822
  br label %15

15:                                               ; preds = %15, %13
  %16 = phi <4 x i32> [ <i32 1, i32 2, i32 3, i32 4>, %13 ], [ %39, %15 ]
  %17 = phi <4 x i32> [ zeroinitializer, %13 ], [ %37, %15 ]
  %18 = phi <4 x i32> [ zeroinitializer, %13 ], [ %38, %15 ]
  %19 = phi i32 [ 0, %13 ], [ %40, %15 ]
  %20 = add <4 x i32> %16, <i32 4, i32 4, i32 4, i32 4>
  %21 = and <4 x i32> %16, <i32 1, i32 1, i32 1, i32 1>
  %22 = and <4 x i32> %16, <i32 1, i32 1, i32 1, i32 1>
  %23 = icmp eq <4 x i32> %21, zeroinitializer
  %24 = icmp eq <4 x i32> %22, zeroinitializer
  %25 = select <4 x i1> %23, <4 x i32> %16, <4 x i32> zeroinitializer
  %26 = select <4 x i1> %24, <4 x i32> %20, <4 x i32> zeroinitializer
  %27 = add <4 x i32> %25, %17
  %28 = add <4 x i32> %26, %18
  %29 = add <4 x i32> %16, <i32 8, i32 8, i32 8, i32 8>
  %30 = add <4 x i32> %16, <i32 12, i32 12, i32 12, i32 12>
  %31 = and <4 x i32> %16, <i32 1, i32 1, i32 1, i32 1>
  %32 = and <4 x i32> %16, <i32 1, i32 1, i32 1, i32 1>
  %33 = icmp eq <4 x i32> %31, zeroinitializer
  %34 = icmp eq <4 x i32> %32, zeroinitializer
  %35 = select <4 x i1> %33, <4 x i32> %29, <4 x i32> zeroinitializer
  %36 = select <4 x i1> %34, <4 x i32> %30, <4 x i32> zeroinitializer
  %37 = add <4 x i32> %35, %27
  %38 = add <4 x i32> %36, %28
  %39 = add <4 x i32> %16, <i32 16, i32 16, i32 16, i32 16>
  %40 = add i32 %19, 2
  %41 = icmp eq i32 %40, %14
  br i1 %41, label %42, label %15, !llvm.loop !5

42:                                               ; preds = %15
  br label %43

43:                                               ; preds = %42, %5
  %44 = phi <4 x i32> [ undef, %5 ], [ %37, %42 ]
  %45 = phi <4 x i32> [ undef, %5 ], [ %38, %42 ]
  %46 = phi <4 x i32> [ <i32 1, i32 2, i32 3, i32 4>, %5 ], [ %39, %42 ]
  %47 = phi <4 x i32> [ zeroinitializer, %5 ], [ %37, %42 ]
  %48 = phi <4 x i32> [ zeroinitializer, %5 ], [ %38, %42 ]
  %49 = icmp eq i32 %11, 0
  br i1 %49, label %61, label %50

50:                                               ; preds = %43
  br label %51

51:                                               ; preds = %50
  %52 = add <4 x i32> %46, <i32 4, i32 4, i32 4, i32 4>
  %53 = and <4 x i32> %46, <i32 1, i32 1, i32 1, i32 1>
  %54 = and <4 x i32> %46, <i32 1, i32 1, i32 1, i32 1>
  %55 = icmp eq <4 x i32> %53, zeroinitializer
  %56 = icmp eq <4 x i32> %54, zeroinitializer
  %57 = select <4 x i1> %55, <4 x i32> %46, <4 x i32> zeroinitializer
  %58 = select <4 x i1> %56, <4 x i32> %52, <4 x i32> zeroinitializer
  %59 = add <4 x i32> %57, %47
  %60 = add <4 x i32> %58, %48
  br label %61

61:                                               ; preds = %43, %51
  %62 = phi <4 x i32> [ %44, %43 ], [ %59, %51 ]
  %63 = phi <4 x i32> [ %45, %43 ], [ %60, %51 ]
  %64 = add <4 x i32> %63, %62
  %65 = call i32 @llvm.vector.reduce.add.v4i32(<4 x i32> %64)
  %66 = icmp eq i32 %6, %0
  br i1 %66, label %71, label %67

67:                                               ; preds = %3, %61
  %68 = phi i32 [ 1, %3 ], [ %7, %61 ]
  %69 = phi i32 [ 0, %3 ], [ %65, %61 ]
  br label %73

70:                                               ; preds = %73
  br label %71

71:                                               ; preds = %70, %61, %1
  %72 = phi i32 [ 0, %1 ], [ %65, %61 ], [ %79, %70 ]
  ret i32 %72

73:                                               ; preds = %67, %73
  %74 = phi i32 [ %80, %73 ], [ %68, %67 ]
  %75 = phi i32 [ %79, %73 ], [ %69, %67 ]
  %76 = and i32 %74, 1
  %77 = icmp eq i32 %76, 0
  %78 = select i1 %77, i32 %74, i32 0
  %79 = add nuw nsw i32 %78, %75
  %80 = add nuw i32 %74, 1
  %81 = icmp eq i32 %74, %0
  br i1 %81, label %70, label %73, !llvm.loop !8
}
*** IR Dump After DivRemPairsPass on sumeven ***
; Function Attrs: nofree norecurse nosync nounwind readnone uwtable
define dso_local i32 @sumeven(i32 noundef %0) local_unnamed_addr #0 {
  %2 = icmp slt i32 %0, 1
  br i1 %2, label %71, label %3

3:                                                ; preds = %1
  %4 = icmp ult i32 %0, 8
  br i1 %4, label %67, label %5

5:                                                ; preds = %3
  %6 = and i32 %0, -8
  %7 = or i32 %6, 1
  %8 = add i32 %6, -8
  %9 = lshr exact i32 %8, 3
  %10 = add nuw nsw i32 %9, 1
  %11 = and i32 %10, 1
  %12 = icmp eq i32 %8, 0
  br i1 %12, label %43, label %13

13:                                               ; preds = %5
  %14 = and i32 %10, 1073741822
  br label %15

15:                                               ; preds = %15, %13
  %16 = phi <4 x i32> [ <i32 1, i32 2, i32 3, i32 4>, %13 ], [ %39, %15 ]
  %17 = phi <4 x i32> [ zeroinitializer, %13 ], [ %37, %15 ]
  %18 = phi <4 x i32> [ zeroinitializer, %13 ], [ %38, %15 ]
  %19 = phi i32 [ 0, %13 ], [ %40, %15 ]
  %20 = add <4 x i32> %16, <i32 4, i32 4, i32 4, i32 4>
  %21 = and <4 x i32> %16, <i32 1, i32 1, i32 1, i32 1>
  %22 = and <4 x i32> %16, <i32 1, i32 1, i32 1, i32 1>
  %23 = icmp eq <4 x i32> %21, zeroinitializer
  %24 = icmp eq <4 x i32> %22, zeroinitializer
  %25 = select <4 x i1> %23, <4 x i32> %16, <4 x i32> zeroinitializer
  %26 = select <4 x i1> %24, <4 x i32> %20, <4 x i32> zeroinitializer
  %27 = add <4 x i32> %25, %17
  %28 = add <4 x i32> %26, %18
  %29 = add <4 x i32> %16, <i32 8, i32 8, i32 8, i32 8>
  %30 = add <4 x i32> %16, <i32 12, i32 12, i32 12, i32 12>
  %31 = and <4 x i32> %16, <i32 1, i32 1, i32 1, i32 1>
  %32 = and <4 x i32> %16, <i32 1, i32 1, i32 1, i32 1>
  %33 = icmp eq <4 x i32> %31, zeroinitializer
  %34 = icmp eq <4 x i32> %32, zeroinitializer
  %35 = select <4 x i1> %33, <4 x i32> %29, <4 x i32> zeroinitializer
  %36 = select <4 x i1> %34, <4 x i32> %30, <4 x i32> zeroinitializer
  %37 = add <4 x i32> %35, %27
  %38 = add <4 x i32> %36, %28
  %39 = add <4 x i32> %16, <i32 16, i32 16, i32 16, i32 16>
  %40 = add i32 %19, 2
  %41 = icmp eq i32 %40, %14
  br i1 %41, label %42, label %15, !llvm.loop !5

42:                                               ; preds = %15
  br label %43

43:                                               ; preds = %42, %5
  %44 = phi <4 x i32> [ undef, %5 ], [ %37, %42 ]
  %45 = phi <4 x i32> [ undef, %5 ], [ %38, %42 ]
  %46 = phi <4 x i32> [ <i32 1, i32 2, i32 3, i32 4>, %5 ], [ %39, %42 ]
  %47 = phi <4 x i32> [ zeroinitializer, %5 ], [ %37, %42 ]
  %48 = phi <4 x i32> [ zeroinitializer, %5 ], [ %38, %42 ]
  %49 = icmp eq i32 %11, 0
  br i1 %49, label %61, label %50

50:                                               ; preds = %43
  br label %51

51:                                               ; preds = %50
  %52 = add <4 x i32> %46, <i32 4, i32 4, i32 4, i32 4>
  %53 = and <4 x i32> %46, <i32 1, i32 1, i32 1, i32 1>
  %54 = and <4 x i32> %46, <i32 1, i32 1, i32 1, i32 1>
  %55 = icmp eq <4 x i32> %53, zeroinitializer
  %56 = icmp eq <4 x i32> %54, zeroinitializer
  %57 = select <4 x i1> %55, <4 x i32> %46, <4 x i32> zeroinitializer
  %58 = select <4 x i1> %56, <4 x i32> %52, <4 x i32> zeroinitializer
  %59 = add <4 x i32> %57, %47
  %60 = add <4 x i32> %58, %48
  br label %61

61:                                               ; preds = %43, %51
  %62 = phi <4 x i32> [ %44, %43 ], [ %59, %51 ]
  %63 = phi <4 x i32> [ %45, %43 ], [ %60, %51 ]
  %64 = add <4 x i32> %63, %62
  %65 = call i32 @llvm.vector.reduce.add.v4i32(<4 x i32> %64)
  %66 = icmp eq i32 %6, %0
  br i1 %66, label %71, label %67

67:                                               ; preds = %3, %61
  %68 = phi i32 [ 1, %3 ], [ %7, %61 ]
  %69 = phi i32 [ 0, %3 ], [ %65, %61 ]
  br label %73

70:                                               ; preds = %73
  br label %71

71:                                               ; preds = %70, %61, %1
  %72 = phi i32 [ 0, %1 ], [ %65, %61 ], [ %79, %70 ]
  ret i32 %72

73:                                               ; preds = %67, %73
  %74 = phi i32 [ %80, %73 ], [ %68, %67 ]
  %75 = phi i32 [ %79, %73 ], [ %69, %67 ]
  %76 = and i32 %74, 1
  %77 = icmp eq i32 %76, 0
  %78 = select i1 %77, i32 %74, i32 0
  %79 = add nuw nsw i32 %78, %75
  %80 = add nuw i32 %74, 1
  %81 = icmp eq i32 %74, %0
  br i1 %81, label %70, label %73, !llvm.loop !8
}
*** IR Dump After SimplifyCFGPass on sumeven ***
; Function Attrs: nofree norecurse nosync nounwind readnone uwtable
define dso_local i32 @sumeven(i32 noundef %0) local_unnamed_addr #0 {
  %2 = icmp slt i32 %0, 1
  br i1 %2, label %68, label %3

3:                                                ; preds = %1
  %4 = icmp ult i32 %0, 8
  br i1 %4, label %65, label %5

5:                                                ; preds = %3
  %6 = and i32 %0, -8
  %7 = or i32 %6, 1
  %8 = add i32 %6, -8
  %9 = lshr exact i32 %8, 3
  %10 = add nuw nsw i32 %9, 1
  %11 = and i32 %10, 1
  %12 = icmp eq i32 %8, 0
  br i1 %12, label %42, label %13

13:                                               ; preds = %5
  %14 = and i32 %10, 1073741822
  br label %15

15:                                               ; preds = %15, %13
  %16 = phi <4 x i32> [ <i32 1, i32 2, i32 3, i32 4>, %13 ], [ %39, %15 ]
  %17 = phi <4 x i32> [ zeroinitializer, %13 ], [ %37, %15 ]
  %18 = phi <4 x i32> [ zeroinitializer, %13 ], [ %38, %15 ]
  %19 = phi i32 [ 0, %13 ], [ %40, %15 ]
  %20 = add <4 x i32> %16, <i32 4, i32 4, i32 4, i32 4>
  %21 = and <4 x i32> %16, <i32 1, i32 1, i32 1, i32 1>
  %22 = and <4 x i32> %16, <i32 1, i32 1, i32 1, i32 1>
  %23 = icmp eq <4 x i32> %21, zeroinitializer
  %24 = icmp eq <4 x i32> %22, zeroinitializer
  %25 = select <4 x i1> %23, <4 x i32> %16, <4 x i32> zeroinitializer
  %26 = select <4 x i1> %24, <4 x i32> %20, <4 x i32> zeroinitializer
  %27 = add <4 x i32> %25, %17
  %28 = add <4 x i32> %26, %18
  %29 = add <4 x i32> %16, <i32 8, i32 8, i32 8, i32 8>
  %30 = add <4 x i32> %16, <i32 12, i32 12, i32 12, i32 12>
  %31 = and <4 x i32> %16, <i32 1, i32 1, i32 1, i32 1>
  %32 = and <4 x i32> %16, <i32 1, i32 1, i32 1, i32 1>
  %33 = icmp eq <4 x i32> %31, zeroinitializer
  %34 = icmp eq <4 x i32> %32, zeroinitializer
  %35 = select <4 x i1> %33, <4 x i32> %29, <4 x i32> zeroinitializer
  %36 = select <4 x i1> %34, <4 x i32> %30, <4 x i32> zeroinitializer
  %37 = add <4 x i32> %35, %27
  %38 = add <4 x i32> %36, %28
  %39 = add <4 x i32> %16, <i32 16, i32 16, i32 16, i32 16>
  %40 = add i32 %19, 2
  %41 = icmp eq i32 %40, %14
  br i1 %41, label %42, label %15, !llvm.loop !5

42:                                               ; preds = %15, %5
  %43 = phi <4 x i32> [ undef, %5 ], [ %37, %15 ]
  %44 = phi <4 x i32> [ undef, %5 ], [ %38, %15 ]
  %45 = phi <4 x i32> [ <i32 1, i32 2, i32 3, i32 4>, %5 ], [ %39, %15 ]
  %46 = phi <4 x i32> [ zeroinitializer, %5 ], [ %37, %15 ]
  %47 = phi <4 x i32> [ zeroinitializer, %5 ], [ %38, %15 ]
  %48 = icmp eq i32 %11, 0
  br i1 %48, label %59, label %49

49:                                               ; preds = %42
  %50 = add <4 x i32> %45, <i32 4, i32 4, i32 4, i32 4>
  %51 = and <4 x i32> %45, <i32 1, i32 1, i32 1, i32 1>
  %52 = and <4 x i32> %45, <i32 1, i32 1, i32 1, i32 1>
  %53 = icmp eq <4 x i32> %51, zeroinitializer
  %54 = icmp eq <4 x i32> %52, zeroinitializer
  %55 = select <4 x i1> %53, <4 x i32> %45, <4 x i32> zeroinitializer
  %56 = select <4 x i1> %54, <4 x i32> %50, <4 x i32> zeroinitializer
  %57 = add <4 x i32> %55, %46
  %58 = add <4 x i32> %56, %47
  br label %59

59:                                               ; preds = %42, %49
  %60 = phi <4 x i32> [ %43, %42 ], [ %57, %49 ]
  %61 = phi <4 x i32> [ %44, %42 ], [ %58, %49 ]
  %62 = add <4 x i32> %61, %60
  %63 = call i32 @llvm.vector.reduce.add.v4i32(<4 x i32> %62)
  %64 = icmp eq i32 %6, %0
  br i1 %64, label %68, label %65

65:                                               ; preds = %3, %59
  %66 = phi i32 [ 1, %3 ], [ %7, %59 ]
  %67 = phi i32 [ 0, %3 ], [ %63, %59 ]
  br label %70

68:                                               ; preds = %70, %59, %1
  %69 = phi i32 [ 0, %1 ], [ %63, %59 ], [ %76, %70 ]
  ret i32 %69

70:                                               ; preds = %65, %70
  %71 = phi i32 [ %77, %70 ], [ %66, %65 ]
  %72 = phi i32 [ %76, %70 ], [ %67, %65 ]
  %73 = and i32 %71, 1
  %74 = icmp eq i32 %73, 0
  %75 = select i1 %74, i32 %71, i32 0
  %76 = add nuw nsw i32 %75, %72
  %77 = add nuw i32 %71, 1
  %78 = icmp eq i32 %71, %0
  br i1 %78, label %68, label %70, !llvm.loop !8
}
*** IR Dump After CoroCleanupPass on sumeven ***
; Function Attrs: nofree norecurse nosync nounwind readnone uwtable
define dso_local i32 @sumeven(i32 noundef %0) local_unnamed_addr #0 {
  %2 = icmp slt i32 %0, 1
  br i1 %2, label %68, label %3

3:                                                ; preds = %1
  %4 = icmp ult i32 %0, 8
  br i1 %4, label %65, label %5

5:                                                ; preds = %3
  %6 = and i32 %0, -8
  %7 = or i32 %6, 1
  %8 = add i32 %6, -8
  %9 = lshr exact i32 %8, 3
  %10 = add nuw nsw i32 %9, 1
  %11 = and i32 %10, 1
  %12 = icmp eq i32 %8, 0
  br i1 %12, label %42, label %13

13:                                               ; preds = %5
  %14 = and i32 %10, 1073741822
  br label %15

15:                                               ; preds = %15, %13
  %16 = phi <4 x i32> [ <i32 1, i32 2, i32 3, i32 4>, %13 ], [ %39, %15 ]
  %17 = phi <4 x i32> [ zeroinitializer, %13 ], [ %37, %15 ]
  %18 = phi <4 x i32> [ zeroinitializer, %13 ], [ %38, %15 ]
  %19 = phi i32 [ 0, %13 ], [ %40, %15 ]
  %20 = add <4 x i32> %16, <i32 4, i32 4, i32 4, i32 4>
  %21 = and <4 x i32> %16, <i32 1, i32 1, i32 1, i32 1>
  %22 = and <4 x i32> %16, <i32 1, i32 1, i32 1, i32 1>
  %23 = icmp eq <4 x i32> %21, zeroinitializer
  %24 = icmp eq <4 x i32> %22, zeroinitializer
  %25 = select <4 x i1> %23, <4 x i32> %16, <4 x i32> zeroinitializer
  %26 = select <4 x i1> %24, <4 x i32> %20, <4 x i32> zeroinitializer
  %27 = add <4 x i32> %25, %17
  %28 = add <4 x i32> %26, %18
  %29 = add <4 x i32> %16, <i32 8, i32 8, i32 8, i32 8>
  %30 = add <4 x i32> %16, <i32 12, i32 12, i32 12, i32 12>
  %31 = and <4 x i32> %16, <i32 1, i32 1, i32 1, i32 1>
  %32 = and <4 x i32> %16, <i32 1, i32 1, i32 1, i32 1>
  %33 = icmp eq <4 x i32> %31, zeroinitializer
  %34 = icmp eq <4 x i32> %32, zeroinitializer
  %35 = select <4 x i1> %33, <4 x i32> %29, <4 x i32> zeroinitializer
  %36 = select <4 x i1> %34, <4 x i32> %30, <4 x i32> zeroinitializer
  %37 = add <4 x i32> %35, %27
  %38 = add <4 x i32> %36, %28
  %39 = add <4 x i32> %16, <i32 16, i32 16, i32 16, i32 16>
  %40 = add i32 %19, 2
  %41 = icmp eq i32 %40, %14
  br i1 %41, label %42, label %15, !llvm.loop !5

42:                                               ; preds = %15, %5
  %43 = phi <4 x i32> [ undef, %5 ], [ %37, %15 ]
  %44 = phi <4 x i32> [ undef, %5 ], [ %38, %15 ]
  %45 = phi <4 x i32> [ <i32 1, i32 2, i32 3, i32 4>, %5 ], [ %39, %15 ]
  %46 = phi <4 x i32> [ zeroinitializer, %5 ], [ %37, %15 ]
  %47 = phi <4 x i32> [ zeroinitializer, %5 ], [ %38, %15 ]
  %48 = icmp eq i32 %11, 0
  br i1 %48, label %59, label %49

49:                                               ; preds = %42
  %50 = add <4 x i32> %45, <i32 4, i32 4, i32 4, i32 4>
  %51 = and <4 x i32> %45, <i32 1, i32 1, i32 1, i32 1>
  %52 = and <4 x i32> %45, <i32 1, i32 1, i32 1, i32 1>
  %53 = icmp eq <4 x i32> %51, zeroinitializer
  %54 = icmp eq <4 x i32> %52, zeroinitializer
  %55 = select <4 x i1> %53, <4 x i32> %45, <4 x i32> zeroinitializer
  %56 = select <4 x i1> %54, <4 x i32> %50, <4 x i32> zeroinitializer
  %57 = add <4 x i32> %55, %46
  %58 = add <4 x i32> %56, %47
  br label %59

59:                                               ; preds = %42, %49
  %60 = phi <4 x i32> [ %43, %42 ], [ %57, %49 ]
  %61 = phi <4 x i32> [ %44, %42 ], [ %58, %49 ]
  %62 = add <4 x i32> %61, %60
  %63 = call i32 @llvm.vector.reduce.add.v4i32(<4 x i32> %62)
  %64 = icmp eq i32 %6, %0
  br i1 %64, label %68, label %65

65:                                               ; preds = %3, %59
  %66 = phi i32 [ 1, %3 ], [ %7, %59 ]
  %67 = phi i32 [ 0, %3 ], [ %63, %59 ]
  br label %70

68:                                               ; preds = %70, %59, %1
  %69 = phi i32 [ 0, %1 ], [ %63, %59 ], [ %76, %70 ]
  ret i32 %69

70:                                               ; preds = %65, %70
  %71 = phi i32 [ %77, %70 ], [ %66, %65 ]
  %72 = phi i32 [ %76, %70 ], [ %67, %65 ]
  %73 = and i32 %71, 1
  %74 = icmp eq i32 %73, 0
  %75 = select i1 %74, i32 %71, i32 0
  %76 = add nuw nsw i32 %75, %72
  %77 = add nuw i32 %71, 1
  %78 = icmp eq i32 %71, %0
  br i1 %78, label %68, label %70, !llvm.loop !8
}
*** IR Dump After Float2IntPass on main ***
; Function Attrs: mustprogress nofree norecurse nosync nounwind readnone uwtable willreturn
define dso_local i32 @main() local_unnamed_addr #1 {
  ret i32 0
}
*** IR Dump After LowerConstantIntrinsicsPass on main ***
; Function Attrs: mustprogress nofree norecurse nosync nounwind readnone uwtable willreturn
define dso_local i32 @main() local_unnamed_addr #1 {
  ret i32 0
}
*** IR Dump After LoopSimplifyPass on main ***
; Function Attrs: mustprogress nofree norecurse nosync nounwind readnone uwtable willreturn
define dso_local i32 @main() local_unnamed_addr #1 {
  ret i32 0
}
*** IR Dump After LCSSAPass on main ***
; Function Attrs: mustprogress nofree norecurse nosync nounwind readnone uwtable willreturn
define dso_local i32 @main() local_unnamed_addr #1 {
  ret i32 0
}
*** IR Dump After LoopDistributePass on main ***
; Function Attrs: mustprogress nofree norecurse nosync nounwind readnone uwtable willreturn
define dso_local i32 @main() local_unnamed_addr #1 {
  ret i32 0
}
*** IR Dump After InjectTLIMappings on main ***
; Function Attrs: mustprogress nofree norecurse nosync nounwind readnone uwtable willreturn
define dso_local i32 @main() local_unnamed_addr #1 {
  ret i32 0
}
*** IR Dump After LoopVectorizePass on main ***
; Function Attrs: mustprogress nofree norecurse nosync nounwind readnone uwtable willreturn
define dso_local i32 @main() local_unnamed_addr #1 {
  ret i32 0
}
*** IR Dump After LoopLoadEliminationPass on main ***
; Function Attrs: mustprogress nofree norecurse nosync nounwind readnone uwtable willreturn
define dso_local i32 @main() local_unnamed_addr #1 {
  ret i32 0
}
*** IR Dump After InstCombinePass on main ***
; Function Attrs: mustprogress nofree norecurse nosync nounwind readnone uwtable willreturn
define dso_local i32 @main() local_unnamed_addr #1 {
  ret i32 0
}
*** IR Dump After SimplifyCFGPass on main ***
; Function Attrs: mustprogress nofree norecurse nosync nounwind readnone uwtable willreturn
define dso_local i32 @main() local_unnamed_addr #1 {
  ret i32 0
}
*** IR Dump After SLPVectorizerPass on main ***
; Function Attrs: mustprogress nofree norecurse nosync nounwind readnone uwtable willreturn
define dso_local i32 @main() local_unnamed_addr #1 {
  ret i32 0
}
*** IR Dump After VectorCombinePass on main ***
; Function Attrs: mustprogress nofree norecurse nosync nounwind readnone uwtable willreturn
define dso_local i32 @main() local_unnamed_addr #1 {
  ret i32 0
}
*** IR Dump After InstCombinePass on main ***
; Function Attrs: mustprogress nofree norecurse nosync nounwind readnone uwtable willreturn
define dso_local i32 @main() local_unnamed_addr #1 {
  ret i32 0
}
*** IR Dump After LoopUnrollPass on main ***
; Function Attrs: mustprogress nofree norecurse nosync nounwind readnone uwtable willreturn
define dso_local i32 @main() local_unnamed_addr #1 {
  ret i32 0
}
*** IR Dump After WarnMissedTransformationsPass on main ***
; Function Attrs: mustprogress nofree norecurse nosync nounwind readnone uwtable willreturn
define dso_local i32 @main() local_unnamed_addr #1 {
  ret i32 0
}
*** IR Dump After InstCombinePass on main ***
; Function Attrs: mustprogress nofree norecurse nosync nounwind readnone uwtable willreturn
define dso_local i32 @main() local_unnamed_addr #1 {
  ret i32 0
}
*** IR Dump After RequireAnalysisPass<llvm::OptimizationRemarkEmitterAnalysis, llvm::Function> on main ***
; Function Attrs: mustprogress nofree norecurse nosync nounwind readnone uwtable willreturn
define dso_local i32 @main() local_unnamed_addr #1 {
  ret i32 0
}
*** IR Dump After LoopSimplifyPass on main ***
; Function Attrs: mustprogress nofree norecurse nosync nounwind readnone uwtable willreturn
define dso_local i32 @main() local_unnamed_addr #1 {
  ret i32 0
}
*** IR Dump After LCSSAPass on main ***
; Function Attrs: mustprogress nofree norecurse nosync nounwind readnone uwtable willreturn
define dso_local i32 @main() local_unnamed_addr #1 {
  ret i32 0
}
*** IR Dump After AlignmentFromAssumptionsPass on main ***
; Function Attrs: mustprogress nofree norecurse nosync nounwind readnone uwtable willreturn
define dso_local i32 @main() local_unnamed_addr #1 {
  ret i32 0
}
*** IR Dump After LoopSinkPass on main ***
; Function Attrs: mustprogress nofree norecurse nosync nounwind readnone uwtable willreturn
define dso_local i32 @main() local_unnamed_addr #1 {
  ret i32 0
}
*** IR Dump After InstSimplifyPass on main ***
; Function Attrs: mustprogress nofree norecurse nosync nounwind readnone uwtable willreturn
define dso_local i32 @main() local_unnamed_addr #1 {
  ret i32 0
}
*** IR Dump After DivRemPairsPass on main ***
; Function Attrs: mustprogress nofree norecurse nosync nounwind readnone uwtable willreturn
define dso_local i32 @main() local_unnamed_addr #1 {
  ret i32 0
}
*** IR Dump After SimplifyCFGPass on main ***
; Function Attrs: mustprogress nofree norecurse nosync nounwind readnone uwtable willreturn
define dso_local i32 @main() local_unnamed_addr #1 {
  ret i32 0
}
*** IR Dump After CoroCleanupPass on main ***
; Function Attrs: mustprogress nofree norecurse nosync nounwind readnone uwtable willreturn
define dso_local i32 @main() local_unnamed_addr #1 {
  ret i32 0
}
*** IR Dump After CGProfilePass on [module] ***
; ModuleID = 'sumeven.c'
source_filename = "sumeven.c"
target datalayout = "e-m:e-p270:32:32-p271:32:32-p272:64:64-i64:64-f80:128-n8:16:32:64-S128"
target triple = "x86_64-pc-linux-gnu"

; Function Attrs: nofree norecurse nosync nounwind readnone uwtable
define dso_local i32 @sumeven(i32 noundef %0) local_unnamed_addr #0 {
  %2 = icmp slt i32 %0, 1
  br i1 %2, label %68, label %3

3:                                                ; preds = %1
  %4 = icmp ult i32 %0, 8
  br i1 %4, label %65, label %5

5:                                                ; preds = %3
  %6 = and i32 %0, -8
  %7 = or i32 %6, 1
  %8 = add i32 %6, -8
  %9 = lshr exact i32 %8, 3
  %10 = add nuw nsw i32 %9, 1
  %11 = and i32 %10, 1
  %12 = icmp eq i32 %8, 0
  br i1 %12, label %42, label %13

13:                                               ; preds = %5
  %14 = and i32 %10, 1073741822
  br label %15

15:                                               ; preds = %15, %13
  %16 = phi <4 x i32> [ <i32 1, i32 2, i32 3, i32 4>, %13 ], [ %39, %15 ]
  %17 = phi <4 x i32> [ zeroinitializer, %13 ], [ %37, %15 ]
  %18 = phi <4 x i32> [ zeroinitializer, %13 ], [ %38, %15 ]
  %19 = phi i32 [ 0, %13 ], [ %40, %15 ]
  %20 = add <4 x i32> %16, <i32 4, i32 4, i32 4, i32 4>
  %21 = and <4 x i32> %16, <i32 1, i32 1, i32 1, i32 1>
  %22 = and <4 x i32> %16, <i32 1, i32 1, i32 1, i32 1>
  %23 = icmp eq <4 x i32> %21, zeroinitializer
  %24 = icmp eq <4 x i32> %22, zeroinitializer
  %25 = select <4 x i1> %23, <4 x i32> %16, <4 x i32> zeroinitializer
  %26 = select <4 x i1> %24, <4 x i32> %20, <4 x i32> zeroinitializer
  %27 = add <4 x i32> %25, %17
  %28 = add <4 x i32> %26, %18
  %29 = add <4 x i32> %16, <i32 8, i32 8, i32 8, i32 8>
  %30 = add <4 x i32> %16, <i32 12, i32 12, i32 12, i32 12>
  %31 = and <4 x i32> %16, <i32 1, i32 1, i32 1, i32 1>
  %32 = and <4 x i32> %16, <i32 1, i32 1, i32 1, i32 1>
  %33 = icmp eq <4 x i32> %31, zeroinitializer
  %34 = icmp eq <4 x i32> %32, zeroinitializer
  %35 = select <4 x i1> %33, <4 x i32> %29, <4 x i32> zeroinitializer
  %36 = select <4 x i1> %34, <4 x i32> %30, <4 x i32> zeroinitializer
  %37 = add <4 x i32> %35, %27
  %38 = add <4 x i32> %36, %28
  %39 = add <4 x i32> %16, <i32 16, i32 16, i32 16, i32 16>
  %40 = add i32 %19, 2
  %41 = icmp eq i32 %40, %14
  br i1 %41, label %42, label %15, !llvm.loop !5

42:                                               ; preds = %15, %5
  %43 = phi <4 x i32> [ undef, %5 ], [ %37, %15 ]
  %44 = phi <4 x i32> [ undef, %5 ], [ %38, %15 ]
  %45 = phi <4 x i32> [ <i32 1, i32 2, i32 3, i32 4>, %5 ], [ %39, %15 ]
  %46 = phi <4 x i32> [ zeroinitializer, %5 ], [ %37, %15 ]
  %47 = phi <4 x i32> [ zeroinitializer, %5 ], [ %38, %15 ]
  %48 = icmp eq i32 %11, 0
  br i1 %48, label %59, label %49

49:                                               ; preds = %42
  %50 = add <4 x i32> %45, <i32 4, i32 4, i32 4, i32 4>
  %51 = and <4 x i32> %45, <i32 1, i32 1, i32 1, i32 1>
  %52 = and <4 x i32> %45, <i32 1, i32 1, i32 1, i32 1>
  %53 = icmp eq <4 x i32> %51, zeroinitializer
  %54 = icmp eq <4 x i32> %52, zeroinitializer
  %55 = select <4 x i1> %53, <4 x i32> %45, <4 x i32> zeroinitializer
  %56 = select <4 x i1> %54, <4 x i32> %50, <4 x i32> zeroinitializer
  %57 = add <4 x i32> %55, %46
  %58 = add <4 x i32> %56, %47
  br label %59

59:                                               ; preds = %42, %49
  %60 = phi <4 x i32> [ %43, %42 ], [ %57, %49 ]
  %61 = phi <4 x i32> [ %44, %42 ], [ %58, %49 ]
  %62 = add <4 x i32> %61, %60
  %63 = call i32 @llvm.vector.reduce.add.v4i32(<4 x i32> %62)
  %64 = icmp eq i32 %6, %0
  br i1 %64, label %68, label %65

65:                                               ; preds = %3, %59
  %66 = phi i32 [ 1, %3 ], [ %7, %59 ]
  %67 = phi i32 [ 0, %3 ], [ %63, %59 ]
  br label %70

68:                                               ; preds = %70, %59, %1
  %69 = phi i32 [ 0, %1 ], [ %63, %59 ], [ %76, %70 ]
  ret i32 %69

70:                                               ; preds = %65, %70
  %71 = phi i32 [ %77, %70 ], [ %66, %65 ]
  %72 = phi i32 [ %76, %70 ], [ %67, %65 ]
  %73 = and i32 %71, 1
  %74 = icmp eq i32 %73, 0
  %75 = select i1 %74, i32 %71, i32 0
  %76 = add nuw nsw i32 %75, %72
  %77 = add nuw i32 %71, 1
  %78 = icmp eq i32 %71, %0
  br i1 %78, label %68, label %70, !llvm.loop !8
}

; Function Attrs: mustprogress nofree norecurse nosync nounwind readnone uwtable willreturn
define dso_local i32 @main() local_unnamed_addr #1 {
  ret i32 0
}

; Function Attrs: nofree nosync nounwind readnone willreturn
declare i32 @llvm.vector.reduce.add.v4i32(<4 x i32>) #2

attributes #0 = { nofree norecurse nosync nounwind readnone uwtable "frame-pointer"="none" "min-legal-vector-width"="0" "no-trapping-math"="true" "stack-protector-buffer-size"="8" "target-cpu"="x86-64" "target-features"="+cx8,+fxsr,+mmx,+sse,+sse2,+x87" "tune-cpu"="generic" }
attributes #1 = { mustprogress nofree norecurse nosync nounwind readnone uwtable willreturn "frame-pointer"="none" "min-legal-vector-width"="0" "no-trapping-math"="true" "stack-protector-buffer-size"="8" "target-cpu"="x86-64" "target-features"="+cx8,+fxsr,+mmx,+sse,+sse2,+x87" "tune-cpu"="generic" }
attributes #2 = { nofree nosync nounwind readnone willreturn }

!llvm.module.flags = !{!0, !1, !2, !3}
!llvm.ident = !{!4}

!0 = !{i32 1, !"wchar_size", i32 4}
!1 = !{i32 7, !"PIC Level", i32 2}
!2 = !{i32 7, !"PIE Level", i32 2}
!3 = !{i32 7, !"uwtable", i32 1}
!4 = !{!"Ubuntu clang version 14.0.0-1ubuntu1.1"}
!5 = distinct !{!5, !6, !7}
!6 = !{!"llvm.loop.mustprogress"}
!7 = !{!"llvm.loop.isvectorized", i32 1}
!8 = distinct !{!8, !6, !9, !7}
!9 = !{!"llvm.loop.unroll.runtime.disable"}
*** IR Dump After GlobalDCEPass on [module] ***
; ModuleID = 'sumeven.c'
source_filename = "sumeven.c"
target datalayout = "e-m:e-p270:32:32-p271:32:32-p272:64:64-i64:64-f80:128-n8:16:32:64-S128"
target triple = "x86_64-pc-linux-gnu"

; Function Attrs: nofree norecurse nosync nounwind readnone uwtable
define dso_local i32 @sumeven(i32 noundef %0) local_unnamed_addr #0 {
  %2 = icmp slt i32 %0, 1
  br i1 %2, label %68, label %3

3:                                                ; preds = %1
  %4 = icmp ult i32 %0, 8
  br i1 %4, label %65, label %5

5:                                                ; preds = %3
  %6 = and i32 %0, -8
  %7 = or i32 %6, 1
  %8 = add i32 %6, -8
  %9 = lshr exact i32 %8, 3
  %10 = add nuw nsw i32 %9, 1
  %11 = and i32 %10, 1
  %12 = icmp eq i32 %8, 0
  br i1 %12, label %42, label %13

13:                                               ; preds = %5
  %14 = and i32 %10, 1073741822
  br label %15

15:                                               ; preds = %15, %13
  %16 = phi <4 x i32> [ <i32 1, i32 2, i32 3, i32 4>, %13 ], [ %39, %15 ]
  %17 = phi <4 x i32> [ zeroinitializer, %13 ], [ %37, %15 ]
  %18 = phi <4 x i32> [ zeroinitializer, %13 ], [ %38, %15 ]
  %19 = phi i32 [ 0, %13 ], [ %40, %15 ]
  %20 = add <4 x i32> %16, <i32 4, i32 4, i32 4, i32 4>
  %21 = and <4 x i32> %16, <i32 1, i32 1, i32 1, i32 1>
  %22 = and <4 x i32> %16, <i32 1, i32 1, i32 1, i32 1>
  %23 = icmp eq <4 x i32> %21, zeroinitializer
  %24 = icmp eq <4 x i32> %22, zeroinitializer
  %25 = select <4 x i1> %23, <4 x i32> %16, <4 x i32> zeroinitializer
  %26 = select <4 x i1> %24, <4 x i32> %20, <4 x i32> zeroinitializer
  %27 = add <4 x i32> %25, %17
  %28 = add <4 x i32> %26, %18
  %29 = add <4 x i32> %16, <i32 8, i32 8, i32 8, i32 8>
  %30 = add <4 x i32> %16, <i32 12, i32 12, i32 12, i32 12>
  %31 = and <4 x i32> %16, <i32 1, i32 1, i32 1, i32 1>
  %32 = and <4 x i32> %16, <i32 1, i32 1, i32 1, i32 1>
  %33 = icmp eq <4 x i32> %31, zeroinitializer
  %34 = icmp eq <4 x i32> %32, zeroinitializer
  %35 = select <4 x i1> %33, <4 x i32> %29, <4 x i32> zeroinitializer
  %36 = select <4 x i1> %34, <4 x i32> %30, <4 x i32> zeroinitializer
  %37 = add <4 x i32> %35, %27
  %38 = add <4 x i32> %36, %28
  %39 = add <4 x i32> %16, <i32 16, i32 16, i32 16, i32 16>
  %40 = add i32 %19, 2
  %41 = icmp eq i32 %40, %14
  br i1 %41, label %42, label %15, !llvm.loop !5

42:                                               ; preds = %15, %5
  %43 = phi <4 x i32> [ undef, %5 ], [ %37, %15 ]
  %44 = phi <4 x i32> [ undef, %5 ], [ %38, %15 ]
  %45 = phi <4 x i32> [ <i32 1, i32 2, i32 3, i32 4>, %5 ], [ %39, %15 ]
  %46 = phi <4 x i32> [ zeroinitializer, %5 ], [ %37, %15 ]
  %47 = phi <4 x i32> [ zeroinitializer, %5 ], [ %38, %15 ]
  %48 = icmp eq i32 %11, 0
  br i1 %48, label %59, label %49

49:                                               ; preds = %42
  %50 = add <4 x i32> %45, <i32 4, i32 4, i32 4, i32 4>
  %51 = and <4 x i32> %45, <i32 1, i32 1, i32 1, i32 1>
  %52 = and <4 x i32> %45, <i32 1, i32 1, i32 1, i32 1>
  %53 = icmp eq <4 x i32> %51, zeroinitializer
  %54 = icmp eq <4 x i32> %52, zeroinitializer
  %55 = select <4 x i1> %53, <4 x i32> %45, <4 x i32> zeroinitializer
  %56 = select <4 x i1> %54, <4 x i32> %50, <4 x i32> zeroinitializer
  %57 = add <4 x i32> %55, %46
  %58 = add <4 x i32> %56, %47
  br label %59

59:                                               ; preds = %42, %49
  %60 = phi <4 x i32> [ %43, %42 ], [ %57, %49 ]
  %61 = phi <4 x i32> [ %44, %42 ], [ %58, %49 ]
  %62 = add <4 x i32> %61, %60
  %63 = call i32 @llvm.vector.reduce.add.v4i32(<4 x i32> %62)
  %64 = icmp eq i32 %6, %0
  br i1 %64, label %68, label %65

65:                                               ; preds = %3, %59
  %66 = phi i32 [ 1, %3 ], [ %7, %59 ]
  %67 = phi i32 [ 0, %3 ], [ %63, %59 ]
  br label %70

68:                                               ; preds = %70, %59, %1
  %69 = phi i32 [ 0, %1 ], [ %63, %59 ], [ %76, %70 ]
  ret i32 %69

70:                                               ; preds = %65, %70
  %71 = phi i32 [ %77, %70 ], [ %66, %65 ]
  %72 = phi i32 [ %76, %70 ], [ %67, %65 ]
  %73 = and i32 %71, 1
  %74 = icmp eq i32 %73, 0
  %75 = select i1 %74, i32 %71, i32 0
  %76 = add nuw nsw i32 %75, %72
  %77 = add nuw i32 %71, 1
  %78 = icmp eq i32 %71, %0
  br i1 %78, label %68, label %70, !llvm.loop !8
}

; Function Attrs: mustprogress nofree norecurse nosync nounwind readnone uwtable willreturn
define dso_local i32 @main() local_unnamed_addr #1 {
  ret i32 0
}

; Function Attrs: nofree nosync nounwind readnone willreturn
declare i32 @llvm.vector.reduce.add.v4i32(<4 x i32>) #2

attributes #0 = { nofree norecurse nosync nounwind readnone uwtable "frame-pointer"="none" "min-legal-vector-width"="0" "no-trapping-math"="true" "stack-protector-buffer-size"="8" "target-cpu"="x86-64" "target-features"="+cx8,+fxsr,+mmx,+sse,+sse2,+x87" "tune-cpu"="generic" }
attributes #1 = { mustprogress nofree norecurse nosync nounwind readnone uwtable willreturn "frame-pointer"="none" "min-legal-vector-width"="0" "no-trapping-math"="true" "stack-protector-buffer-size"="8" "target-cpu"="x86-64" "target-features"="+cx8,+fxsr,+mmx,+sse,+sse2,+x87" "tune-cpu"="generic" }
attributes #2 = { nofree nosync nounwind readnone willreturn }

!llvm.module.flags = !{!0, !1, !2, !3}
!llvm.ident = !{!4}

!0 = !{i32 1, !"wchar_size", i32 4}
!1 = !{i32 7, !"PIC Level", i32 2}
!2 = !{i32 7, !"PIE Level", i32 2}
!3 = !{i32 7, !"uwtable", i32 1}
!4 = !{!"Ubuntu clang version 14.0.0-1ubuntu1.1"}
!5 = distinct !{!5, !6, !7}
!6 = !{!"llvm.loop.mustprogress"}
!7 = !{!"llvm.loop.isvectorized", i32 1}
!8 = distinct !{!8, !6, !9, !7}
!9 = !{!"llvm.loop.unroll.runtime.disable"}
*** IR Dump After ConstantMergePass on [module] ***
; ModuleID = 'sumeven.c'
source_filename = "sumeven.c"
target datalayout = "e-m:e-p270:32:32-p271:32:32-p272:64:64-i64:64-f80:128-n8:16:32:64-S128"
target triple = "x86_64-pc-linux-gnu"

; Function Attrs: nofree norecurse nosync nounwind readnone uwtable
define dso_local i32 @sumeven(i32 noundef %0) local_unnamed_addr #0 {
  %2 = icmp slt i32 %0, 1
  br i1 %2, label %68, label %3

3:                                                ; preds = %1
  %4 = icmp ult i32 %0, 8
  br i1 %4, label %65, label %5

5:                                                ; preds = %3
  %6 = and i32 %0, -8
  %7 = or i32 %6, 1
  %8 = add i32 %6, -8
  %9 = lshr exact i32 %8, 3
  %10 = add nuw nsw i32 %9, 1
  %11 = and i32 %10, 1
  %12 = icmp eq i32 %8, 0
  br i1 %12, label %42, label %13

13:                                               ; preds = %5
  %14 = and i32 %10, 1073741822
  br label %15

15:                                               ; preds = %15, %13
  %16 = phi <4 x i32> [ <i32 1, i32 2, i32 3, i32 4>, %13 ], [ %39, %15 ]
  %17 = phi <4 x i32> [ zeroinitializer, %13 ], [ %37, %15 ]
  %18 = phi <4 x i32> [ zeroinitializer, %13 ], [ %38, %15 ]
  %19 = phi i32 [ 0, %13 ], [ %40, %15 ]
  %20 = add <4 x i32> %16, <i32 4, i32 4, i32 4, i32 4>
  %21 = and <4 x i32> %16, <i32 1, i32 1, i32 1, i32 1>
  %22 = and <4 x i32> %16, <i32 1, i32 1, i32 1, i32 1>
  %23 = icmp eq <4 x i32> %21, zeroinitializer
  %24 = icmp eq <4 x i32> %22, zeroinitializer
  %25 = select <4 x i1> %23, <4 x i32> %16, <4 x i32> zeroinitializer
  %26 = select <4 x i1> %24, <4 x i32> %20, <4 x i32> zeroinitializer
  %27 = add <4 x i32> %25, %17
  %28 = add <4 x i32> %26, %18
  %29 = add <4 x i32> %16, <i32 8, i32 8, i32 8, i32 8>
  %30 = add <4 x i32> %16, <i32 12, i32 12, i32 12, i32 12>
  %31 = and <4 x i32> %16, <i32 1, i32 1, i32 1, i32 1>
  %32 = and <4 x i32> %16, <i32 1, i32 1, i32 1, i32 1>
  %33 = icmp eq <4 x i32> %31, zeroinitializer
  %34 = icmp eq <4 x i32> %32, zeroinitializer
  %35 = select <4 x i1> %33, <4 x i32> %29, <4 x i32> zeroinitializer
  %36 = select <4 x i1> %34, <4 x i32> %30, <4 x i32> zeroinitializer
  %37 = add <4 x i32> %35, %27
  %38 = add <4 x i32> %36, %28
  %39 = add <4 x i32> %16, <i32 16, i32 16, i32 16, i32 16>
  %40 = add i32 %19, 2
  %41 = icmp eq i32 %40, %14
  br i1 %41, label %42, label %15, !llvm.loop !5

42:                                               ; preds = %15, %5
  %43 = phi <4 x i32> [ undef, %5 ], [ %37, %15 ]
  %44 = phi <4 x i32> [ undef, %5 ], [ %38, %15 ]
  %45 = phi <4 x i32> [ <i32 1, i32 2, i32 3, i32 4>, %5 ], [ %39, %15 ]
  %46 = phi <4 x i32> [ zeroinitializer, %5 ], [ %37, %15 ]
  %47 = phi <4 x i32> [ zeroinitializer, %5 ], [ %38, %15 ]
  %48 = icmp eq i32 %11, 0
  br i1 %48, label %59, label %49

49:                                               ; preds = %42
  %50 = add <4 x i32> %45, <i32 4, i32 4, i32 4, i32 4>
  %51 = and <4 x i32> %45, <i32 1, i32 1, i32 1, i32 1>
  %52 = and <4 x i32> %45, <i32 1, i32 1, i32 1, i32 1>
  %53 = icmp eq <4 x i32> %51, zeroinitializer
  %54 = icmp eq <4 x i32> %52, zeroinitializer
  %55 = select <4 x i1> %53, <4 x i32> %45, <4 x i32> zeroinitializer
  %56 = select <4 x i1> %54, <4 x i32> %50, <4 x i32> zeroinitializer
  %57 = add <4 x i32> %55, %46
  %58 = add <4 x i32> %56, %47
  br label %59

59:                                               ; preds = %42, %49
  %60 = phi <4 x i32> [ %43, %42 ], [ %57, %49 ]
  %61 = phi <4 x i32> [ %44, %42 ], [ %58, %49 ]
  %62 = add <4 x i32> %61, %60
  %63 = call i32 @llvm.vector.reduce.add.v4i32(<4 x i32> %62)
  %64 = icmp eq i32 %6, %0
  br i1 %64, label %68, label %65

65:                                               ; preds = %3, %59
  %66 = phi i32 [ 1, %3 ], [ %7, %59 ]
  %67 = phi i32 [ 0, %3 ], [ %63, %59 ]
  br label %70

68:                                               ; preds = %70, %59, %1
  %69 = phi i32 [ 0, %1 ], [ %63, %59 ], [ %76, %70 ]
  ret i32 %69

70:                                               ; preds = %65, %70
  %71 = phi i32 [ %77, %70 ], [ %66, %65 ]
  %72 = phi i32 [ %76, %70 ], [ %67, %65 ]
  %73 = and i32 %71, 1
  %74 = icmp eq i32 %73, 0
  %75 = select i1 %74, i32 %71, i32 0
  %76 = add nuw nsw i32 %75, %72
  %77 = add nuw i32 %71, 1
  %78 = icmp eq i32 %71, %0
  br i1 %78, label %68, label %70, !llvm.loop !8
}

; Function Attrs: mustprogress nofree norecurse nosync nounwind readnone uwtable willreturn
define dso_local i32 @main() local_unnamed_addr #1 {
  ret i32 0
}

; Function Attrs: nofree nosync nounwind readnone willreturn
declare i32 @llvm.vector.reduce.add.v4i32(<4 x i32>) #2

attributes #0 = { nofree norecurse nosync nounwind readnone uwtable "frame-pointer"="none" "min-legal-vector-width"="0" "no-trapping-math"="true" "stack-protector-buffer-size"="8" "target-cpu"="x86-64" "target-features"="+cx8,+fxsr,+mmx,+sse,+sse2,+x87" "tune-cpu"="generic" }
attributes #1 = { mustprogress nofree norecurse nosync nounwind readnone uwtable willreturn "frame-pointer"="none" "min-legal-vector-width"="0" "no-trapping-math"="true" "stack-protector-buffer-size"="8" "target-cpu"="x86-64" "target-features"="+cx8,+fxsr,+mmx,+sse,+sse2,+x87" "tune-cpu"="generic" }
attributes #2 = { nofree nosync nounwind readnone willreturn }

!llvm.module.flags = !{!0, !1, !2, !3}
!llvm.ident = !{!4}

!0 = !{i32 1, !"wchar_size", i32 4}
!1 = !{i32 7, !"PIC Level", i32 2}
!2 = !{i32 7, !"PIE Level", i32 2}
!3 = !{i32 7, !"uwtable", i32 1}
!4 = !{!"Ubuntu clang version 14.0.0-1ubuntu1.1"}
!5 = distinct !{!5, !6, !7}
!6 = !{!"llvm.loop.mustprogress"}
!7 = !{!"llvm.loop.isvectorized", i32 1}
!8 = distinct !{!8, !6, !9, !7}
!9 = !{!"llvm.loop.unroll.runtime.disable"}
*** IR Dump After RelLookupTableConverterPass on [module] ***
; ModuleID = 'sumeven.c'
source_filename = "sumeven.c"
target datalayout = "e-m:e-p270:32:32-p271:32:32-p272:64:64-i64:64-f80:128-n8:16:32:64-S128"
target triple = "x86_64-pc-linux-gnu"

; Function Attrs: nofree norecurse nosync nounwind readnone uwtable
define dso_local i32 @sumeven(i32 noundef %0) local_unnamed_addr #0 {
  %2 = icmp slt i32 %0, 1
  br i1 %2, label %68, label %3

3:                                                ; preds = %1
  %4 = icmp ult i32 %0, 8
  br i1 %4, label %65, label %5

5:                                                ; preds = %3
  %6 = and i32 %0, -8
  %7 = or i32 %6, 1
  %8 = add i32 %6, -8
  %9 = lshr exact i32 %8, 3
  %10 = add nuw nsw i32 %9, 1
  %11 = and i32 %10, 1
  %12 = icmp eq i32 %8, 0
  br i1 %12, label %42, label %13

13:                                               ; preds = %5
  %14 = and i32 %10, 1073741822
  br label %15

15:                                               ; preds = %15, %13
  %16 = phi <4 x i32> [ <i32 1, i32 2, i32 3, i32 4>, %13 ], [ %39, %15 ]
  %17 = phi <4 x i32> [ zeroinitializer, %13 ], [ %37, %15 ]
  %18 = phi <4 x i32> [ zeroinitializer, %13 ], [ %38, %15 ]
  %19 = phi i32 [ 0, %13 ], [ %40, %15 ]
  %20 = add <4 x i32> %16, <i32 4, i32 4, i32 4, i32 4>
  %21 = and <4 x i32> %16, <i32 1, i32 1, i32 1, i32 1>
  %22 = and <4 x i32> %16, <i32 1, i32 1, i32 1, i32 1>
  %23 = icmp eq <4 x i32> %21, zeroinitializer
  %24 = icmp eq <4 x i32> %22, zeroinitializer
  %25 = select <4 x i1> %23, <4 x i32> %16, <4 x i32> zeroinitializer
  %26 = select <4 x i1> %24, <4 x i32> %20, <4 x i32> zeroinitializer
  %27 = add <4 x i32> %25, %17
  %28 = add <4 x i32> %26, %18
  %29 = add <4 x i32> %16, <i32 8, i32 8, i32 8, i32 8>
  %30 = add <4 x i32> %16, <i32 12, i32 12, i32 12, i32 12>
  %31 = and <4 x i32> %16, <i32 1, i32 1, i32 1, i32 1>
  %32 = and <4 x i32> %16, <i32 1, i32 1, i32 1, i32 1>
  %33 = icmp eq <4 x i32> %31, zeroinitializer
  %34 = icmp eq <4 x i32> %32, zeroinitializer
  %35 = select <4 x i1> %33, <4 x i32> %29, <4 x i32> zeroinitializer
  %36 = select <4 x i1> %34, <4 x i32> %30, <4 x i32> zeroinitializer
  %37 = add <4 x i32> %35, %27
  %38 = add <4 x i32> %36, %28
  %39 = add <4 x i32> %16, <i32 16, i32 16, i32 16, i32 16>
  %40 = add i32 %19, 2
  %41 = icmp eq i32 %40, %14
  br i1 %41, label %42, label %15, !llvm.loop !5

42:                                               ; preds = %15, %5
  %43 = phi <4 x i32> [ undef, %5 ], [ %37, %15 ]
  %44 = phi <4 x i32> [ undef, %5 ], [ %38, %15 ]
  %45 = phi <4 x i32> [ <i32 1, i32 2, i32 3, i32 4>, %5 ], [ %39, %15 ]
  %46 = phi <4 x i32> [ zeroinitializer, %5 ], [ %37, %15 ]
  %47 = phi <4 x i32> [ zeroinitializer, %5 ], [ %38, %15 ]
  %48 = icmp eq i32 %11, 0
  br i1 %48, label %59, label %49

49:                                               ; preds = %42
  %50 = add <4 x i32> %45, <i32 4, i32 4, i32 4, i32 4>
  %51 = and <4 x i32> %45, <i32 1, i32 1, i32 1, i32 1>
  %52 = and <4 x i32> %45, <i32 1, i32 1, i32 1, i32 1>
  %53 = icmp eq <4 x i32> %51, zeroinitializer
  %54 = icmp eq <4 x i32> %52, zeroinitializer
  %55 = select <4 x i1> %53, <4 x i32> %45, <4 x i32> zeroinitializer
  %56 = select <4 x i1> %54, <4 x i32> %50, <4 x i32> zeroinitializer
  %57 = add <4 x i32> %55, %46
  %58 = add <4 x i32> %56, %47
  br label %59

59:                                               ; preds = %42, %49
  %60 = phi <4 x i32> [ %43, %42 ], [ %57, %49 ]
  %61 = phi <4 x i32> [ %44, %42 ], [ %58, %49 ]
  %62 = add <4 x i32> %61, %60
  %63 = call i32 @llvm.vector.reduce.add.v4i32(<4 x i32> %62)
  %64 = icmp eq i32 %6, %0
  br i1 %64, label %68, label %65

65:                                               ; preds = %3, %59
  %66 = phi i32 [ 1, %3 ], [ %7, %59 ]
  %67 = phi i32 [ 0, %3 ], [ %63, %59 ]
  br label %70

68:                                               ; preds = %70, %59, %1
  %69 = phi i32 [ 0, %1 ], [ %63, %59 ], [ %76, %70 ]
  ret i32 %69

70:                                               ; preds = %65, %70
  %71 = phi i32 [ %77, %70 ], [ %66, %65 ]
  %72 = phi i32 [ %76, %70 ], [ %67, %65 ]
  %73 = and i32 %71, 1
  %74 = icmp eq i32 %73, 0
  %75 = select i1 %74, i32 %71, i32 0
  %76 = add nuw nsw i32 %75, %72
  %77 = add nuw i32 %71, 1
  %78 = icmp eq i32 %71, %0
  br i1 %78, label %68, label %70, !llvm.loop !8
}

; Function Attrs: mustprogress nofree norecurse nosync nounwind readnone uwtable willreturn
define dso_local i32 @main() local_unnamed_addr #1 {
  ret i32 0
}

; Function Attrs: nofree nosync nounwind readnone willreturn
declare i32 @llvm.vector.reduce.add.v4i32(<4 x i32>) #2

attributes #0 = { nofree norecurse nosync nounwind readnone uwtable "frame-pointer"="none" "min-legal-vector-width"="0" "no-trapping-math"="true" "stack-protector-buffer-size"="8" "target-cpu"="x86-64" "target-features"="+cx8,+fxsr,+mmx,+sse,+sse2,+x87" "tune-cpu"="generic" }
attributes #1 = { mustprogress nofree norecurse nosync nounwind readnone uwtable willreturn "frame-pointer"="none" "min-legal-vector-width"="0" "no-trapping-math"="true" "stack-protector-buffer-size"="8" "target-cpu"="x86-64" "target-features"="+cx8,+fxsr,+mmx,+sse,+sse2,+x87" "tune-cpu"="generic" }
attributes #2 = { nofree nosync nounwind readnone willreturn }

!llvm.module.flags = !{!0, !1, !2, !3}
!llvm.ident = !{!4}

!0 = !{i32 1, !"wchar_size", i32 4}
!1 = !{i32 7, !"PIC Level", i32 2}
!2 = !{i32 7, !"PIE Level", i32 2}
!3 = !{i32 7, !"uwtable", i32 1}
!4 = !{!"Ubuntu clang version 14.0.0-1ubuntu1.1"}
!5 = distinct !{!5, !6, !7}
!6 = !{!"llvm.loop.mustprogress"}
!7 = !{!"llvm.loop.isvectorized", i32 1}
!8 = distinct !{!8, !6, !9, !7}
!9 = !{!"llvm.loop.unroll.runtime.disable"}
*** IR Dump After AnnotationRemarksPass on sumeven ***
; Function Attrs: nofree norecurse nosync nounwind readnone uwtable
define dso_local i32 @sumeven(i32 noundef %0) local_unnamed_addr #0 {
  %2 = icmp slt i32 %0, 1
  br i1 %2, label %68, label %3

3:                                                ; preds = %1
  %4 = icmp ult i32 %0, 8
  br i1 %4, label %65, label %5

5:                                                ; preds = %3
  %6 = and i32 %0, -8
  %7 = or i32 %6, 1
  %8 = add i32 %6, -8
  %9 = lshr exact i32 %8, 3
  %10 = add nuw nsw i32 %9, 1
  %11 = and i32 %10, 1
  %12 = icmp eq i32 %8, 0
  br i1 %12, label %42, label %13

13:                                               ; preds = %5
  %14 = and i32 %10, 1073741822
  br label %15

15:                                               ; preds = %15, %13
  %16 = phi <4 x i32> [ <i32 1, i32 2, i32 3, i32 4>, %13 ], [ %39, %15 ]
  %17 = phi <4 x i32> [ zeroinitializer, %13 ], [ %37, %15 ]
  %18 = phi <4 x i32> [ zeroinitializer, %13 ], [ %38, %15 ]
  %19 = phi i32 [ 0, %13 ], [ %40, %15 ]
  %20 = add <4 x i32> %16, <i32 4, i32 4, i32 4, i32 4>
  %21 = and <4 x i32> %16, <i32 1, i32 1, i32 1, i32 1>
  %22 = and <4 x i32> %16, <i32 1, i32 1, i32 1, i32 1>
  %23 = icmp eq <4 x i32> %21, zeroinitializer
  %24 = icmp eq <4 x i32> %22, zeroinitializer
  %25 = select <4 x i1> %23, <4 x i32> %16, <4 x i32> zeroinitializer
  %26 = select <4 x i1> %24, <4 x i32> %20, <4 x i32> zeroinitializer
  %27 = add <4 x i32> %25, %17
  %28 = add <4 x i32> %26, %18
  %29 = add <4 x i32> %16, <i32 8, i32 8, i32 8, i32 8>
  %30 = add <4 x i32> %16, <i32 12, i32 12, i32 12, i32 12>
  %31 = and <4 x i32> %16, <i32 1, i32 1, i32 1, i32 1>
  %32 = and <4 x i32> %16, <i32 1, i32 1, i32 1, i32 1>
  %33 = icmp eq <4 x i32> %31, zeroinitializer
  %34 = icmp eq <4 x i32> %32, zeroinitializer
  %35 = select <4 x i1> %33, <4 x i32> %29, <4 x i32> zeroinitializer
  %36 = select <4 x i1> %34, <4 x i32> %30, <4 x i32> zeroinitializer
  %37 = add <4 x i32> %35, %27
  %38 = add <4 x i32> %36, %28
  %39 = add <4 x i32> %16, <i32 16, i32 16, i32 16, i32 16>
  %40 = add i32 %19, 2
  %41 = icmp eq i32 %40, %14
  br i1 %41, label %42, label %15, !llvm.loop !5

42:                                               ; preds = %15, %5
  %43 = phi <4 x i32> [ undef, %5 ], [ %37, %15 ]
  %44 = phi <4 x i32> [ undef, %5 ], [ %38, %15 ]
  %45 = phi <4 x i32> [ <i32 1, i32 2, i32 3, i32 4>, %5 ], [ %39, %15 ]
  %46 = phi <4 x i32> [ zeroinitializer, %5 ], [ %37, %15 ]
  %47 = phi <4 x i32> [ zeroinitializer, %5 ], [ %38, %15 ]
  %48 = icmp eq i32 %11, 0
  br i1 %48, label %59, label %49

49:                                               ; preds = %42
  %50 = add <4 x i32> %45, <i32 4, i32 4, i32 4, i32 4>
  %51 = and <4 x i32> %45, <i32 1, i32 1, i32 1, i32 1>
  %52 = and <4 x i32> %45, <i32 1, i32 1, i32 1, i32 1>
  %53 = icmp eq <4 x i32> %51, zeroinitializer
  %54 = icmp eq <4 x i32> %52, zeroinitializer
  %55 = select <4 x i1> %53, <4 x i32> %45, <4 x i32> zeroinitializer
  %56 = select <4 x i1> %54, <4 x i32> %50, <4 x i32> zeroinitializer
  %57 = add <4 x i32> %55, %46
  %58 = add <4 x i32> %56, %47
  br label %59

59:                                               ; preds = %42, %49
  %60 = phi <4 x i32> [ %43, %42 ], [ %57, %49 ]
  %61 = phi <4 x i32> [ %44, %42 ], [ %58, %49 ]
  %62 = add <4 x i32> %61, %60
  %63 = call i32 @llvm.vector.reduce.add.v4i32(<4 x i32> %62)
  %64 = icmp eq i32 %6, %0
  br i1 %64, label %68, label %65

65:                                               ; preds = %3, %59
  %66 = phi i32 [ 1, %3 ], [ %7, %59 ]
  %67 = phi i32 [ 0, %3 ], [ %63, %59 ]
  br label %70

68:                                               ; preds = %70, %59, %1
  %69 = phi i32 [ 0, %1 ], [ %63, %59 ], [ %76, %70 ]
  ret i32 %69

70:                                               ; preds = %65, %70
  %71 = phi i32 [ %77, %70 ], [ %66, %65 ]
  %72 = phi i32 [ %76, %70 ], [ %67, %65 ]
  %73 = and i32 %71, 1
  %74 = icmp eq i32 %73, 0
  %75 = select i1 %74, i32 %71, i32 0
  %76 = add nuw nsw i32 %75, %72
  %77 = add nuw i32 %71, 1
  %78 = icmp eq i32 %71, %0
  br i1 %78, label %68, label %70, !llvm.loop !8
}
*** IR Dump After AnnotationRemarksPass on main ***
; Function Attrs: mustprogress nofree norecurse nosync nounwind readnone uwtable willreturn
define dso_local i32 @main() local_unnamed_addr #1 {
  ret i32 0
}
*** IR Dump After PrintModulePass on [module] ***
; ModuleID = 'sumeven.c'
source_filename = "sumeven.c"
target datalayout = "e-m:e-p270:32:32-p271:32:32-p272:64:64-i64:64-f80:128-n8:16:32:64-S128"
target triple = "x86_64-pc-linux-gnu"

; Function Attrs: nofree norecurse nosync nounwind readnone uwtable
define dso_local i32 @sumeven(i32 noundef %0) local_unnamed_addr #0 {
  %2 = icmp slt i32 %0, 1
  br i1 %2, label %68, label %3

3:                                                ; preds = %1
  %4 = icmp ult i32 %0, 8
  br i1 %4, label %65, label %5

5:                                                ; preds = %3
  %6 = and i32 %0, -8
  %7 = or i32 %6, 1
  %8 = add i32 %6, -8
  %9 = lshr exact i32 %8, 3
  %10 = add nuw nsw i32 %9, 1
  %11 = and i32 %10, 1
  %12 = icmp eq i32 %8, 0
  br i1 %12, label %42, label %13

13:                                               ; preds = %5
  %14 = and i32 %10, 1073741822
  br label %15

15:                                               ; preds = %15, %13
  %16 = phi <4 x i32> [ <i32 1, i32 2, i32 3, i32 4>, %13 ], [ %39, %15 ]
  %17 = phi <4 x i32> [ zeroinitializer, %13 ], [ %37, %15 ]
  %18 = phi <4 x i32> [ zeroinitializer, %13 ], [ %38, %15 ]
  %19 = phi i32 [ 0, %13 ], [ %40, %15 ]
  %20 = add <4 x i32> %16, <i32 4, i32 4, i32 4, i32 4>
  %21 = and <4 x i32> %16, <i32 1, i32 1, i32 1, i32 1>
  %22 = and <4 x i32> %16, <i32 1, i32 1, i32 1, i32 1>
  %23 = icmp eq <4 x i32> %21, zeroinitializer
  %24 = icmp eq <4 x i32> %22, zeroinitializer
  %25 = select <4 x i1> %23, <4 x i32> %16, <4 x i32> zeroinitializer
  %26 = select <4 x i1> %24, <4 x i32> %20, <4 x i32> zeroinitializer
  %27 = add <4 x i32> %25, %17
  %28 = add <4 x i32> %26, %18
  %29 = add <4 x i32> %16, <i32 8, i32 8, i32 8, i32 8>
  %30 = add <4 x i32> %16, <i32 12, i32 12, i32 12, i32 12>
  %31 = and <4 x i32> %16, <i32 1, i32 1, i32 1, i32 1>
  %32 = and <4 x i32> %16, <i32 1, i32 1, i32 1, i32 1>
  %33 = icmp eq <4 x i32> %31, zeroinitializer
  %34 = icmp eq <4 x i32> %32, zeroinitializer
  %35 = select <4 x i1> %33, <4 x i32> %29, <4 x i32> zeroinitializer
  %36 = select <4 x i1> %34, <4 x i32> %30, <4 x i32> zeroinitializer
  %37 = add <4 x i32> %35, %27
  %38 = add <4 x i32> %36, %28
  %39 = add <4 x i32> %16, <i32 16, i32 16, i32 16, i32 16>
  %40 = add i32 %19, 2
  %41 = icmp eq i32 %40, %14
  br i1 %41, label %42, label %15, !llvm.loop !5

42:                                               ; preds = %15, %5
  %43 = phi <4 x i32> [ undef, %5 ], [ %37, %15 ]
  %44 = phi <4 x i32> [ undef, %5 ], [ %38, %15 ]
  %45 = phi <4 x i32> [ <i32 1, i32 2, i32 3, i32 4>, %5 ], [ %39, %15 ]
  %46 = phi <4 x i32> [ zeroinitializer, %5 ], [ %37, %15 ]
  %47 = phi <4 x i32> [ zeroinitializer, %5 ], [ %38, %15 ]
  %48 = icmp eq i32 %11, 0
  br i1 %48, label %59, label %49

49:                                               ; preds = %42
  %50 = add <4 x i32> %45, <i32 4, i32 4, i32 4, i32 4>
  %51 = and <4 x i32> %45, <i32 1, i32 1, i32 1, i32 1>
  %52 = and <4 x i32> %45, <i32 1, i32 1, i32 1, i32 1>
  %53 = icmp eq <4 x i32> %51, zeroinitializer
  %54 = icmp eq <4 x i32> %52, zeroinitializer
  %55 = select <4 x i1> %53, <4 x i32> %45, <4 x i32> zeroinitializer
  %56 = select <4 x i1> %54, <4 x i32> %50, <4 x i32> zeroinitializer
  %57 = add <4 x i32> %55, %46
  %58 = add <4 x i32> %56, %47
  br label %59

59:                                               ; preds = %42, %49
  %60 = phi <4 x i32> [ %43, %42 ], [ %57, %49 ]
  %61 = phi <4 x i32> [ %44, %42 ], [ %58, %49 ]
  %62 = add <4 x i32> %61, %60
  %63 = call i32 @llvm.vector.reduce.add.v4i32(<4 x i32> %62)
  %64 = icmp eq i32 %6, %0
  br i1 %64, label %68, label %65

65:                                               ; preds = %3, %59
  %66 = phi i32 [ 1, %3 ], [ %7, %59 ]
  %67 = phi i32 [ 0, %3 ], [ %63, %59 ]
  br label %70

68:                                               ; preds = %70, %59, %1
  %69 = phi i32 [ 0, %1 ], [ %63, %59 ], [ %76, %70 ]
  ret i32 %69

70:                                               ; preds = %65, %70
  %71 = phi i32 [ %77, %70 ], [ %66, %65 ]
  %72 = phi i32 [ %76, %70 ], [ %67, %65 ]
  %73 = and i32 %71, 1
  %74 = icmp eq i32 %73, 0
  %75 = select i1 %74, i32 %71, i32 0
  %76 = add nuw nsw i32 %75, %72
  %77 = add nuw i32 %71, 1
  %78 = icmp eq i32 %71, %0
  br i1 %78, label %68, label %70, !llvm.loop !8
}

; Function Attrs: mustprogress nofree norecurse nosync nounwind readnone uwtable willreturn
define dso_local i32 @main() local_unnamed_addr #1 {
  ret i32 0
}

; Function Attrs: nofree nosync nounwind readnone willreturn
declare i32 @llvm.vector.reduce.add.v4i32(<4 x i32>) #2

attributes #0 = { nofree norecurse nosync nounwind readnone uwtable "frame-pointer"="none" "min-legal-vector-width"="0" "no-trapping-math"="true" "stack-protector-buffer-size"="8" "target-cpu"="x86-64" "target-features"="+cx8,+fxsr,+mmx,+sse,+sse2,+x87" "tune-cpu"="generic" }
attributes #1 = { mustprogress nofree norecurse nosync nounwind readnone uwtable willreturn "frame-pointer"="none" "min-legal-vector-width"="0" "no-trapping-math"="true" "stack-protector-buffer-size"="8" "target-cpu"="x86-64" "target-features"="+cx8,+fxsr,+mmx,+sse,+sse2,+x87" "tune-cpu"="generic" }
attributes #2 = { nofree nosync nounwind readnone willreturn }

!llvm.module.flags = !{!0, !1, !2, !3}
!llvm.ident = !{!4}

!0 = !{i32 1, !"wchar_size", i32 4}
!1 = !{i32 7, !"PIC Level", i32 2}
!2 = !{i32 7, !"PIE Level", i32 2}
!3 = !{i32 7, !"uwtable", i32 1}
!4 = !{!"Ubuntu clang version 14.0.0-1ubuntu1.1"}
!5 = distinct !{!5, !6, !7}
!6 = !{!"llvm.loop.mustprogress"}
!7 = !{!"llvm.loop.isvectorized", i32 1}
!8 = distinct !{!8, !6, !9, !7}
!9 = !{!"llvm.loop.unroll.runtime.disable"}
error: unable to rename temporary 'sumeven-f13a58d8.ll.tmp' to output file 'sumeven.ll': 'No such file or directory'
1 error generated.
